article_id,headline,viewpoint_country,domain,word_count,overall_total,AnchoringBias,BizarrenessEffect,ContrastEffect,DistinctionBias,FadingAffectBias,FalseConsensusEffect,HindsightBias,ImplicitStereotype,InformationOverload,MereExposureEffect,NegativityBias,OmissionBias,PrimacyEffect,RecencyEffect,StatusQuoBias,VonRestorffEffect,WeberFechnerLaw,overall_per_100,AnchoringBias_per_100,BizarrenessEffect_per_100,ContrastEffect_per_100,DistinctionBias_per_100,FadingAffectBias_per_100,FalseConsensusEffect_per_100,HindsightBias_per_100,ImplicitStereotype_per_100,InformationOverload_per_100,MereExposureEffect_per_100,NegativityBias_per_100,OmissionBias_per_100,PrimacyEffect_per_100,RecencyEffect_per_100,StatusQuoBias_per_100,VonRestorffEffect_per_100,WeberFechnerLaw_per_100
0612d02d0350,Hungarian Minister Slams Forced Mobilization in Ukraine as  Disgrace for Europe,Russia,sputnikglobe.com,243,30,3,5,2,0,0,3,1,0,0,2,5,2,3,0,0,3,1,12.345679012345679,1.2345679012345678,2.05761316872428,0.823045267489712,0.0,0.0,1.2345679012345678,0.411522633744856,0.0,0.0,0.823045267489712,2.05761316872428,0.823045267489712,1.2345679012345678,0.0,0.0,1.2345679012345678,0.411522633744856
08ac17888bf7,Fico Vowed  Not a Single Bullet to Ukraine  – But Slovakia is Selling More Arms Than Ever,Ukraine,kyivpost.com,367,36,6,0,8,3,0,1,0,0,0,0,2,2,4,1,0,9,0,9.809264305177111,1.6348773841961852,0.0,2.1798365122615806,0.8174386920980926,0.0,0.2724795640326976,0.0,0.0,0.0,0.0,0.5449591280653951,0.5449591280653951,1.0899182561307903,0.2724795640326976,0.0,2.4523160762942777,0.0
0b1400b94794,Kremlin Says Euro Involvement  Does Not Bode Well  for Peace Plan,Ukraine,kyivpost.com,410,8,0,0,1,0,0,0,0,0,0,0,5,0,0,0,0,2,0,1.951219512195122,0.0,0.0,0.24390243902439024,0.0,0.0,0.0,0.0,0.0,0.0,0.0,1.2195121951219512,0.0,0.0,0.0,0.0,0.4878048780487805,0.0
0c37da3b45d5,"Current Situation in Ukraine Requires Peace , Not Ceasefire",Russia,sputnikglobe.com,521,27,5,1,2,1,0,2,0,0,0,2,4,0,5,0,1,4,0,5.182341650671785,0.9596928982725528,0.19193857965451055,0.3838771593090211,0.19193857965451055,0.0,0.3838771593090211,0.0,0.0,0.0,0.3838771593090211,0.7677543186180422,0.0,0.9596928982725528,0.0,0.19193857965451055,0.7677543186180422,0.0
0d664022eb6e,"Starmer , De Wever Discuss Using Frozen Russian Assets to Fund Ukraine",Ukraine,kyivpost.com,534,15,0,0,1,0,0,0,0,0,0,0,7,3,0,0,0,4,0,2.808988764044944,0.0,0.0,0.18726591760299627,0.0,0.0,0.0,0.0,0.0,0.0,0.0,1.3108614232209739,0.5617977528089888,0.0,0.0,0.0,0.7490636704119851,0.0
0e3d42482cd4,Ukraine says N Korea troops likely pulled from front line over heavy losses,UNKNOWN,bbc.co.uk,394,15,0,2,2,0,0,0,0,0,0,0,7,0,0,0,0,4,0,3.8071065989847717,0.0,0.5076142131979695,0.5076142131979695,0.0,0.0,0.0,0.0,0.0,0.0,0.0,1.7766497461928934,0.0,0.0,0.0,0.0,1.015228426395939,0.0
10213b8d2f2e,"Russian Strikes Hit Southern Ukraine , Knock Out Power in Odesa , Mykolaiv Regions",Ukraine,kyivpost.com,396,21,0,0,1,0,0,0,0,0,0,0,12,0,0,0,0,8,0,5.303030303030303,0.0,0.0,0.25252525252525254,0.0,0.0,0.0,0.0,0.0,0.0,0.0,3.0303030303030303,0.0,0.0,0.0,0.0,2.0202020202020203,0.0
102f1229d773,Rockwool Says Russia Takes Over its 4 Factories,Ukraine,kyivpost.com,268,12,2,0,1,0,0,0,0,0,0,0,6,0,0,1,1,1,0,4.477611940298507,0.746268656716418,0.0,0.373134328358209,0.0,0.0,0.0,0.0,0.0,0.0,0.0,2.2388059701492535,0.0,0.0,0.373134328358209,0.373134328358209,0.373134328358209,0.0
10f6ffbec185,"France , Spain Increase Russian LNG Imports as EU Ranks Among Top Buyers",Ukraine,kyivpost.com,490,33,7,0,7,2,0,0,0,0,0,0,4,0,3,2,0,7,1,6.73469387755102,1.4285714285714286,0.0,1.4285714285714286,0.40816326530612246,0.0,0.0,0.0,0.0,0.0,0.0,0.8163265306122449,0.0,0.6122448979591837,0.40816326530612246,0.0,1.4285714285714286,0.20408163265306123
119a45c9630e,Coalition of the Willing Leaders to Meet Zelensky After Call With Trump,Ukraine,kyivpost.com,348,8,0,2,1,0,0,0,0,0,0,0,2,0,0,0,0,3,0,2.2988505747126435,0.0,0.5747126436781609,0.28735632183908044,0.0,0.0,0.0,0.0,0.0,0.0,0.0,0.5747126436781609,0.0,0.0,0.0,0.0,0.8620689655172413,0.0
12c84947ef54,Trump Tariffs Will Jeopardize Ukraine Aid,Russia,sputnikglobe.com,247,39,4,0,2,1,0,1,0,1,0,0,13,1,6,3,3,3,1,15.789473684210526,1.6194331983805668,0.0,0.8097165991902834,0.4048582995951417,0.0,0.4048582995951417,0.0,0.4048582995951417,0.0,0.0,5.2631578947368425,0.4048582995951417,2.42914979757085,1.214574898785425,1.214574898785425,1.214574898785425,0.4048582995951417
1376fa7dcfd0,"No Russian Facility Is Safe , SBU Source Says After Third Strike on Caspian Oil Platforms",Ukraine,kyivpost.com,335,7,0,0,0,0,0,0,0,0,0,0,4,0,0,0,0,3,0,2.08955223880597,0.0,0.0,0.0,0.0,0.0,0.0,0.0,0.0,0.0,0.0,1.1940298507462686,0.0,0.0,0.0,0.0,0.8955223880597015,0.0
13d801eefb4e,Big Tech or Big Threat ? Google and Facebook Military Ties Exposed,Russia,sputnikglobe.com,551,30,0,4,2,0,0,0,0,0,0,0,12,1,0,0,0,11,0,5.44464609800363,0.0,0.7259528130671506,0.3629764065335753,0.0,0.0,0.0,0.0,0.0,0.0,0.0,2.1778584392014517,0.18148820326678766,0.0,0.0,0.0,1.9963702359346642,0.0
1673d188a461,Hungary Still Demands Ukraine Account for Funds Spent,Russia,sputnikglobe.com,338,22,0,2,5,0,0,0,0,0,0,0,7,6,0,0,0,2,0,6.508875739644971,0.0,0.591715976331361,1.4792899408284024,0.0,0.0,0.0,0.0,0.0,0.0,0.0,2.0710059171597632,1.7751479289940828,0.0,0.0,0.0,0.591715976331361,0.0
198dfc775842,Putin gives Trump just enough to claim progress on Ukraine peace,UNKNOWN,bbc.co.uk,465,34,0,0,9,2,0,0,0,0,0,0,13,0,0,0,0,10,0,7.311827956989247,0.0,0.0,1.935483870967742,0.43010752688172044,0.0,0.0,0.0,0.0,0.0,0.0,2.795698924731183,0.0,0.0,0.0,0.0,2.150537634408602,0.0
1a9741098637,EU Targets 9 New Players Behind Russia Shadow Fleet,Ukraine,kyivpost.com,279,3,0,0,0,0,0,0,0,0,0,0,3,0,0,0,0,0,0,1.075268817204301,0.0,0.0,0.0,0.0,0.0,0.0,0.0,0.0,0.0,0.0,1.075268817204301,0.0,0.0,0.0,0.0,0.0,0.0
1d78ba05908c,"Russia Claims Oreshnik Strike Disabled Lviv Aviation Repair Plant Servicing F - 16s , MiG - 29s",Ukraine,kyivpost.com,418,30,3,3,4,2,0,1,0,0,0,0,5,0,3,3,0,4,2,7.177033492822966,0.7177033492822966,0.7177033492822966,0.9569377990430622,0.4784688995215311,0.0,0.23923444976076555,0.0,0.0,0.0,0.0,1.1961722488038278,0.0,0.7177033492822966,0.7177033492822966,0.0,0.9569377990430622,0.4784688995215311
1e5672490bfc,Turkish Vessel Left Ablaze After Russian Strike on Ukrainian Ports,Ukraine,kyivpost.com,470,19,0,0,2,1,0,0,0,0,0,0,11,0,0,0,0,5,0,4.042553191489362,0.0,0.0,0.425531914893617,0.2127659574468085,0.0,0.0,0.0,0.0,0.0,0.0,2.3404255319148937,0.0,0.0,0.0,0.0,1.0638297872340425,0.0
2172e123ae72,Vance Suggests Trump Administration Wont Be  Shipping Off Money to Ukraine,Ukraine,kyivpost.com,337,20,0,2,4,2,0,0,0,0,0,0,5,2,0,0,0,5,0,5.9347181008902075,0.0,0.5934718100890207,1.1869436201780414,0.5934718100890207,0.0,0.0,0.0,0.0,0.0,0.0,1.4836795252225519,0.5934718100890207,0.0,0.0,0.0,1.4836795252225519,0.0
2388fcef8685,Zelensky Security Guarantees for Ukraine Unacceptable,Russia,sputnikglobe.com,543,27,2,1,1,0,0,1,0,4,1,2,7,2,3,0,0,3,0,4.972375690607735,0.3683241252302026,0.1841620626151013,0.1841620626151013,0.0,0.0,0.1841620626151013,0.0,0.7366482504604052,0.1841620626151013,0.3683241252302026,1.289134438305709,0.3683241252302026,0.5524861878453039,0.0,0.0,0.5524861878453039,0.0
25a4e752cbd5,Russia Threatens to Expand Legal Action Against European Banks Over Frozen Assets,Ukraine,kyivpost.com,530,14,0,1,0,0,0,0,0,0,0,0,8,2,0,0,0,3,0,2.641509433962264,0.0,0.18867924528301888,0.0,0.0,0.0,0.0,0.0,0.0,0.0,0.0,1.509433962264151,0.37735849056603776,0.0,0.0,0.0,0.5660377358490566,0.0
260cd0ad2ac4,EU Ukraine Loan Backed by Frozen Russian Assets May Hinder Peace Talks,Russia,sputnikglobe.com,268,18,2,0,1,0,0,1,1,0,0,1,4,4,1,0,2,1,0,6.7164179104477615,0.746268656716418,0.0,0.373134328358209,0.0,0.0,0.373134328358209,0.373134328358209,0.0,0.0,0.373134328358209,1.492537313432836,1.492537313432836,0.373134328358209,0.0,0.746268656716418,0.373134328358209,0.0
2af954f3ead1,Putin Signs Law Confiscating  Ownerles Homes in Occupied Ukraine,Ukraine,kyivpost.com,323,5,0,0,0,0,0,0,0,0,0,0,4,0,0,0,0,1,0,1.5479876160990713,0.0,0.0,0.0,0.0,0.0,0.0,0.0,0.0,0.0,0.0,1.238390092879257,0.0,0.0,0.0,0.0,0.30959752321981426,0.0
2e51ae48c85f,UK revokes accreditation for two Russian diplomatic officials,UNKNOWN,bbc.co.uk,477,12,0,0,3,0,0,0,0,0,0,0,8,0,0,0,0,1,0,2.5157232704402515,0.0,0.0,0.6289308176100629,0.0,0.0,0.0,0.0,0.0,0.0,0.0,1.6771488469601676,0.0,0.0,0.0,0.0,0.20964360587002095,0.0
2ec3269286ab,North Korea leader meets families of soldiers killed in Russia war,UNKNOWN,bbc.co.uk,385,22,3,1,2,0,1,0,0,0,1,1,5,0,1,2,0,4,1,5.714285714285714,0.7792207792207793,0.2597402597402597,0.5194805194805194,0.0,0.2597402597402597,0.0,0.0,0.0,0.2597402597402597,0.2597402597402597,1.2987012987012987,0.0,0.2597402597402597,0.5194805194805194,0.0,1.0389610389610389,0.2597402597402597
2f86f935d804,Ukraine Nato exclusion must be in peace deal - Russian official,UNKNOWN,bbc.co.uk,391,11,0,2,1,0,0,0,0,0,0,0,3,1,0,0,0,4,0,2.813299232736573,0.0,0.5115089514066496,0.2557544757033248,0.0,0.0,0.0,0.0,0.0,0.0,0.0,0.7672634271099744,0.2557544757033248,0.0,0.0,0.0,1.0230179028132993,0.0
31402e35d26c,Ukraine Parliament Block Shmyhal as Energy Minister Amid Worsening Winter Energy Crisis,Ukraine,kyivpost.com,282,13,1,0,0,0,0,0,0,0,0,0,7,2,1,0,1,1,0,4.609929078014185,0.3546099290780142,0.0,0.0,0.0,0.0,0.0,0.0,0.0,0.0,0.0,2.482269503546099,0.7092198581560284,0.3546099290780142,0.0,0.3546099290780142,0.3546099290780142,0.0
32175ad731e5,Zelensky Warns Ukraine May Slash Drone Production Without Spring Funding,Ukraine,kyivpost.com,315,9,0,0,1,0,0,0,0,0,0,0,6,0,0,0,0,2,0,2.857142857142857,0.0,0.0,0.31746031746031744,0.0,0.0,0.0,0.0,0.0,0.0,0.0,1.9047619047619047,0.0,0.0,0.0,0.0,0.6349206349206349,0.0
33188ed7c6b1,"Ukraine war latest : Russia and Ukraine agree to ceasefire in Black Sea , White House says",UNKNOWN,bbc.co.uk,259,10,0,0,2,1,0,0,0,0,0,0,5,0,0,0,0,2,0,3.861003861003861,0.0,0.0,0.7722007722007722,0.3861003861003861,0.0,0.0,0.0,0.0,0.0,0.0,1.9305019305019304,0.0,0.0,0.0,0.0,0.7722007722007722,0.0
3349743c129e,Bank of Russia Says Plans to Recover Losses From EU Banks in Russian Arbitration Court,Russia,sputnikglobe.com,253,4,0,0,0,0,0,0,0,0,0,0,3,1,0,0,0,0,0,1.5810276679841897,0.0,0.0,0.0,0.0,0.0,0.0,0.0,0.0,0.0,0.0,1.1857707509881423,0.3952569169960474,0.0,0.0,0.0,0.0,0.0
3513b2a097a6,European Little Pigs  – Kremlin Rhetoric Escalates as EU Weighs Using Frozen Russian Assets,Ukraine,kyivpost.com,446,36,0,4,8,1,0,0,0,0,0,0,12,2,0,0,0,9,0,8.071748878923767,0.0,0.8968609865470852,1.7937219730941705,0.2242152466367713,0.0,0.0,0.0,0.0,0.0,0.0,2.690582959641256,0.4484304932735426,0.0,0.0,0.0,2.0179372197309418,0.0
384c3a42e5fa,Sudzha Gas Pumping Station Attack : European Provocation or Ukraine Resistance to Peace ?,Russia,sputnikglobe.com,226,31,2,0,2,1,0,0,1,2,0,0,8,3,5,3,1,3,0,13.716814159292035,0.8849557522123894,0.0,0.8849557522123894,0.4424778761061947,0.0,0.0,0.4424778761061947,0.8849557522123894,0.0,0.0,3.5398230088495577,1.3274336283185841,2.2123893805309733,1.3274336283185841,0.4424778761061947,1.3274336283185841,0.0
38d12ed9e63e,Azov Gaining Power is  Symptom of Collapse  of Remains of Ukraine Civil Society,Russia,sputnikglobe.com,227,25,1,0,3,1,0,1,0,4,0,0,6,0,2,1,0,6,0,11.013215859030836,0.44052863436123346,0.0,1.3215859030837005,0.44052863436123346,0.0,0.44052863436123346,0.0,1.7621145374449338,0.0,0.0,2.643171806167401,0.0,0.8810572687224669,0.44052863436123346,0.0,2.643171806167401,0.0
3983e6bafb36,Ukraine Loses Over 175 Soldiers in Kursk Region in Past Day – Russian Defense Ministry,Russia,sputnikglobe.com,261,46,8,0,4,2,0,0,0,0,8,0,9,0,5,2,0,4,4,17.624521072796934,3.0651340996168583,0.0,1.5325670498084292,0.7662835249042146,0.0,0.0,0.0,0.0,3.0651340996168583,0.0,3.4482758620689653,0.0,1.9157088122605364,0.7662835249042146,0.0,1.5325670498084292,1.5325670498084292
3a42810a6da2,Ukraine Hits RSP - 6M2 Radar in Occupied Crimea,Ukraine,kyivpost.com,348,5,0,0,0,0,0,0,0,0,0,0,2,0,0,0,0,3,0,1.4367816091954022,0.0,0.0,0.0,0.0,0.0,0.0,0.0,0.0,0.0,0.0,0.5747126436781609,0.0,0.0,0.0,0.0,0.8620689655172413,0.0
3ae64200d74e,Australian captured while fighting for Ukraine charged as mercenary,UNKNOWN,bbc.co.uk,343,4,0,0,0,0,0,0,0,0,0,0,1,0,0,0,0,3,0,1.1661807580174928,0.0,0.0,0.0,0.0,0.0,0.0,0.0,0.0,0.0,0.0,0.2915451895043732,0.0,0.0,0.0,0.0,0.8746355685131195,0.0
3b8a1962ed41,"Russia Attacked Odesa Region With Nearly 100 UAVs Overnight , Injuries , Infrastructure Damage Reported",Ukraine,kyivpost.com,295,7,0,0,1,0,0,0,0,0,0,0,3,0,0,0,0,3,0,2.3728813559322033,0.0,0.0,0.3389830508474576,0.0,0.0,0.0,0.0,0.0,0.0,0.0,1.0169491525423728,0.0,0.0,0.0,0.0,1.0169491525423728,0.0
3d99be7e2a22,No Proof  of Mass Diversion of Ukraine Arms to Criminals,Ukraine,kyivpost.com,405,13,0,1,2,0,0,0,0,0,0,0,7,1,0,0,0,2,0,3.2098765432098766,0.0,0.24691358024691357,0.49382716049382713,0.0,0.0,0.0,0.0,0.0,0.0,0.0,1.728395061728395,0.24691358024691357,0.0,0.0,0.0,0.49382716049382713,0.0
4b4ea7d0bb45,"Putin Pitches  Real Peace , Sends Stark Warning Over NATO Boots in Ukraine",Russia,sputnikglobe.com,306,32,2,1,2,0,0,0,2,2,0,0,10,2,4,0,1,6,0,10.457516339869281,0.6535947712418301,0.32679738562091504,0.6535947712418301,0.0,0.0,0.0,0.6535947712418301,0.6535947712418301,0.0,0.0,3.2679738562091503,0.6535947712418301,1.3071895424836601,0.0,0.32679738562091504,1.9607843137254901,0.0
529b36c303c5,"Russia Drone Barrage Knocks Out Heat and Power for 45 , 000 in Kryvyi Rih",Ukraine,kyivpost.com,364,27,4,0,5,0,0,0,0,0,0,0,10,0,1,1,0,4,2,7.417582417582418,1.098901098901099,0.0,1.3736263736263736,0.0,0.0,0.0,0.0,0.0,0.0,0.0,2.7472527472527473,0.0,0.27472527472527475,0.27472527472527475,0.0,1.098901098901099,0.5494505494505495
52c44f3f4a5a,Moscow airports temporarily closed after Ukraine drone attacks,UNKNOWN,bbc.co.uk,595,45,9,1,3,0,1,1,0,0,0,3,10,0,4,3,1,7,2,7.563025210084033,1.5126050420168067,0.16806722689075632,0.5042016806722689,0.0,0.16806722689075632,0.16806722689075632,0.0,0.0,0.0,0.5042016806722689,1.680672268907563,0.0,0.6722689075630253,0.5042016806722689,0.16806722689075632,1.1764705882352942,0.33613445378151263
52db12503dc7,Who Paying for the EU €90B Loan to Ukraine – and Who Isnt ?,Ukraine,kyivpost.com,615,35,0,0,8,1,0,0,0,0,0,0,9,4,0,0,0,13,0,5.691056910569106,0.0,0.0,1.3008130081300813,0.16260162601626016,0.0,0.0,0.0,0.0,0.0,0.0,1.4634146341463414,0.6504065040650406,0.0,0.0,0.0,2.113821138211382,0.0
53050fc5725e,Putin Aide Signals Possible Russian Troop Withdrawal From Donbas – National Guard to Remain,Ukraine,kyivpost.com,461,14,0,0,3,0,0,0,0,0,0,0,3,0,0,0,0,8,0,3.036876355748373,0.0,0.0,0.6507592190889371,0.0,0.0,0.0,0.0,0.0,0.0,0.0,0.6507592190889371,0.0,0.0,0.0,0.0,1.735357917570499,0.0
5381a3f639ab,Eastern Flank Countries Warn Russia Wants  Buffer Zone  from Arctic to Mediterranean,Ukraine,kyivpost.com,488,20,0,2,3,0,0,0,0,0,0,0,5,0,0,0,0,10,0,4.098360655737705,0.0,0.4098360655737705,0.6147540983606558,0.0,0.0,0.0,0.0,0.0,0.0,0.0,1.0245901639344261,0.0,0.0,0.0,0.0,2.0491803278688523,0.0
542d6822735e,"Russia Defends Its National Interests , Not Subject To Influence Of European Sanctions – Kremlin",Russia,sputnikglobe.com,511,22,4,0,0,0,0,1,2,0,0,3,4,0,3,3,1,1,0,4.305283757338552,0.7827788649706457,0.0,0.0,0.0,0.0,0.19569471624266144,0.3913894324853229,0.0,0.0,0.5870841487279843,0.7827788649706457,0.0,0.5870841487279843,0.5870841487279843,0.19569471624266144,0.19569471624266144,0.0
551dbe090562,"Ukraine Receives Over 1 , 000 Bodies of Soldiers From Russia",Ukraine,kyivpost.com,280,10,0,0,2,0,0,0,0,0,0,0,6,0,0,0,0,2,0,3.5714285714285716,0.0,0.0,0.7142857142857143,0.0,0.0,0.0,0.0,0.0,0.0,0.0,2.142857142857143,0.0,0.0,0.0,0.0,0.7142857142857143,0.0
572483b320b8,"Russian Special Envoy Says Law , Common Sense Prevail After EU Decision on Russian Assets",Russia,sputnikglobe.com,355,13,0,0,2,0,0,0,0,0,0,0,5,4,0,0,0,2,0,3.6619718309859155,0.0,0.0,0.5633802816901409,0.0,0.0,0.0,0.0,0.0,0.0,0.0,1.408450704225352,1.1267605633802817,0.0,0.0,0.0,0.5633802816901409,0.0
5866bd5c396e,"Russia  Non - Stop  Attack on Odesa Kills 8 , Injures 30 on Saturday , Minister Says",Ukraine,kyivpost.com,315,11,0,0,0,0,0,0,0,0,0,0,10,0,0,0,0,1,0,3.492063492063492,0.0,0.0,0.0,0.0,0.0,0.0,0.0,0.0,0.0,0.0,3.1746031746031744,0.0,0.0,0.0,0.0,0.31746031746031744,0.0
5ad9c980e219,Drone Strike Sets One of Central Russia Biggest Refineries on Fire,Ukraine,kyivpost.com,456,19,0,1,2,0,0,0,0,0,0,0,10,0,0,0,0,6,0,4.166666666666667,0.0,0.21929824561403508,0.43859649122807015,0.0,0.0,0.0,0.0,0.0,0.0,0.0,2.192982456140351,0.0,0.0,0.0,0.0,1.3157894736842106,0.0
5e8e70c01daf,Renaming Pentagon Signals West  Peace Through Strength  Agenda Shift,Russia,sputnikglobe.com,390,39,1,2,4,0,0,2,4,3,0,0,8,0,6,2,2,5,0,10.0,0.2564102564102564,0.5128205128205128,1.0256410256410255,0.0,0.0,0.5128205128205128,1.0256410256410255,0.7692307692307693,0.0,0.0,2.051282051282051,0.0,1.5384615384615385,0.5128205128205128,0.5128205128205128,1.2820512820512822,0.0
5ee384b60b0c,German Supply of Taurus Missiles to Ukraine May Trigger World War III,Russia,sputnikglobe.com,204,19,1,2,1,0,0,1,0,1,0,0,4,2,2,1,2,2,0,9.313725490196079,0.49019607843137253,0.9803921568627451,0.49019607843137253,0.0,0.0,0.49019607843137253,0.0,0.49019607843137253,0.0,0.0,1.9607843137254901,0.9803921568627451,0.9803921568627451,0.49019607843137253,0.9803921568627451,0.9803921568627451,0.0
611248631aec,UK MI6 New Head to Warn of  Aggressive  Russia Threat in First Speech,Ukraine,kyivpost.com,312,12,0,0,1,1,0,0,0,0,0,0,4,0,0,0,0,6,0,3.8461538461538463,0.0,0.0,0.32051282051282054,0.32051282051282054,0.0,0.0,0.0,0.0,0.0,0.0,1.2820512820512822,0.0,0.0,0.0,0.0,1.9230769230769231,0.0
611f0afc92f5,Long - Term Settlement in Ukraine Requires More Than Ceasefire,Russia,sputnikglobe.com,330,25,4,2,3,1,0,0,0,3,1,1,4,0,2,0,0,4,0,7.575757575757576,1.2121212121212122,0.6060606060606061,0.9090909090909091,0.30303030303030304,0.0,0.0,0.0,0.9090909090909091,0.30303030303030304,0.30303030303030304,1.2121212121212122,0.0,0.6060606060606061,0.0,0.0,1.2121212121212122,0.0
6365d96ae5d7,Russia Massive Strikes : Why Now ?,Russia,sputnikglobe.com,144,35,4,2,3,2,0,0,2,2,0,2,6,2,5,1,0,4,0,24.305555555555557,2.7777777777777777,1.3888888888888888,2.0833333333333335,1.3888888888888888,0.0,0.0,1.3888888888888888,1.3888888888888888,0.0,1.3888888888888888,4.166666666666667,1.3888888888888888,3.4722222222222223,0.6944444444444444,0.0,2.7777777777777777,0.0
65fc4317dd54,Rosenberg : Trump - Putin call seen as victory in Russia,UNKNOWN,bbc.co.uk,581,24,0,1,6,2,0,0,0,0,0,0,7,1,0,0,0,7,0,4.130808950086059,0.0,0.1721170395869191,1.0327022375215147,0.3442340791738382,0.0,0.0,0.0,0.0,0.0,0.0,1.2048192771084338,0.1721170395869191,0.0,0.0,0.0,1.2048192771084338,0.0
662cb8c0160f,A Year of War  – Zelensky Says It Apparent the Kremlin Is Not Ready For Peace,Ukraine,kyivpost.com,492,16,0,1,2,1,0,0,0,0,0,0,8,0,0,0,0,4,0,3.252032520325203,0.0,0.2032520325203252,0.4065040650406504,0.2032520325203252,0.0,0.0,0.0,0.0,0.0,0.0,1.6260162601626016,0.0,0.0,0.0,0.0,0.8130081300813008,0.0
66968a8e624a,UK sanctions Russian spies for  malicious cyber activity,UNKNOWN,bbc.co.uk,602,23,0,0,3,1,0,0,0,0,0,0,12,0,0,0,0,7,0,3.820598006644518,0.0,0.0,0.4983388704318937,0.16611295681063123,0.0,0.0,0.0,0.0,0.0,0.0,1.9933554817275747,0.0,0.0,0.0,0.0,1.1627906976744187,0.0
66ce1b876f32,Putting British or Any Other NATO  Peacekeeper in Ukraine Would Snatch War From the Jaws of Peace,Russia,sputnikglobe.com,238,21,2,0,1,0,0,2,3,3,0,0,3,2,3,0,1,1,0,8.823529411764707,0.8403361344537815,0.0,0.42016806722689076,0.0,0.0,0.8403361344537815,1.2605042016806722,1.2605042016806722,0.0,0.0,1.2605042016806722,0.8403361344537815,1.2605042016806722,0.0,0.42016806722689076,0.42016806722689076,0.0
677845909595,Zelensky Faces a Choice Between Peace or Fighting for  Three More Year in Ukraine,Russia,sputnikglobe.com,450,58,7,1,5,2,0,5,3,0,1,0,8,6,6,3,3,7,1,12.88888888888889,1.5555555555555556,0.2222222222222222,1.1111111111111112,0.4444444444444444,0.0,1.1111111111111112,0.6666666666666666,0.0,0.2222222222222222,0.0,1.7777777777777777,1.3333333333333333,1.3333333333333333,0.6666666666666666,0.6666666666666666,1.5555555555555556,0.2222222222222222
69ae12b3565c,US - Ukraine agreement shows a deal is never dead with Trump,UNKNOWN,bbc.co.uk,480,24,0,1,3,0,0,0,0,0,0,0,9,1,0,0,0,10,0,5.0,0.0,0.20833333333333334,0.625,0.0,0.0,0.0,0.0,0.0,0.0,0.0,1.875,0.20833333333333334,0.0,0.0,0.0,2.0833333333333335,0.0
6d18676519cd,"Talks With US On Ukraine Postwar Economic Recovery  Productive , Zelensky Says",Ukraine,kyivpost.com,371,4,0,0,1,0,0,0,0,0,0,0,0,0,0,0,0,3,0,1.0781671159029649,0.0,0.0,0.2695417789757412,0.0,0.0,0.0,0.0,0.0,0.0,0.0,0.0,0.0,0.0,0.0,0.0,0.8086253369272237,0.0
6d733f1b68ad,Rheinmetall War Profiteering in Ukraine May Culminate in Pinpoint Strikes on Its Factories,Russia,sputnikglobe.com,386,43,5,3,4,1,0,0,1,3,1,0,8,1,8,3,0,5,0,11.139896373056995,1.2953367875647668,0.7772020725388601,1.0362694300518134,0.25906735751295334,0.0,0.0,0.25906735751295334,0.7772020725388601,0.25906735751295334,0.0,2.0725388601036268,0.25906735751295334,2.0725388601036268,0.7772020725388601,0.0,1.2953367875647668,0.0
6e10505b81f6,It Like a Slaughterhouse : Intercept Reveals Russian Mother Shocked by Frontline Video,Ukraine,kyivpost.com,469,29,0,7,3,1,0,0,0,0,0,0,12,0,0,0,0,6,0,6.183368869936034,0.0,1.492537313432836,0.6396588486140725,0.21321961620469082,0.0,0.0,0.0,0.0,0.0,0.0,2.55863539445629,0.0,0.0,0.0,0.0,1.279317697228145,0.0
6fa3b84cc285,"British father killed by drone while fighting in Ukraine , wife says",UNKNOWN,bbc.co.uk,475,35,2,0,2,0,0,1,4,3,0,1,8,0,2,2,4,6,0,7.368421052631579,0.42105263157894735,0.0,0.42105263157894735,0.0,0.0,0.21052631578947367,0.8421052631578947,0.631578947368421,0.0,0.21052631578947367,1.6842105263157894,0.0,0.42105263157894735,0.42105263157894735,0.8421052631578947,1.263157894736842,0.0
7024fc5931d8,"1 Dead , 4 Injured in  Terrorist  Attack on Kyiv – Prosecutor Office",Ukraine,kyivpost.com,300,10,0,1,0,0,0,0,0,0,0,0,7,0,0,0,0,2,0,3.3333333333333335,0.0,0.3333333333333333,0.0,0.0,0.0,0.0,0.0,0.0,0.0,0.0,2.3333333333333335,0.0,0.0,0.0,0.0,0.6666666666666666,0.0
751a6bcd323a,Putin - Trump Call : A Real Step Toward Peace ?,Russia,sputnikglobe.com,248,27,4,0,5,0,0,1,0,2,0,0,3,1,5,1,0,5,0,10.887096774193548,1.6129032258064515,0.0,2.0161290322580645,0.0,0.0,0.4032258064516129,0.0,0.8064516129032258,0.0,0.0,1.2096774193548387,0.4032258064516129,2.0161290322580645,0.4032258064516129,0.0,2.0161290322580645,0.0
75765b67a406,DOGE Fraud Probes May Explain  Urgency  of Trump - Putin Call on Ending Ukraine Crisis : Ex - DoD Analyst,Russia,sputnikglobe.com,373,27,4,2,3,1,0,0,1,0,0,0,4,1,3,3,0,5,0,7.238605898123325,1.0723860589812333,0.5361930294906166,0.8042895442359249,0.2680965147453083,0.0,0.0,0.2680965147453083,0.0,0.0,0.0,1.0723860589812333,0.2680965147453083,0.8042895442359249,0.8042895442359249,0.0,1.3404825737265416,0.0
7762f066280f,"Shmyhal Says Allies Pledged Record Sums For Defense Production , US Weapons in 2025",Ukraine,kyivpost.com,556,13,0,0,7,1,0,0,0,0,0,0,0,0,0,0,0,5,0,2.338129496402878,0.0,0.0,1.2589928057553956,0.17985611510791366,0.0,0.0,0.0,0.0,0.0,0.0,0.0,0.0,0.0,0.0,0.0,0.8992805755395683,0.0
7b814d5707bb,Lavrov : Zelensky Legitimacy Will Make or Break Ukraine Peace Deal,Russia,sputnikglobe.com,428,36,5,0,3,1,0,2,1,2,0,2,4,0,6,4,1,5,0,8.411214953271028,1.1682242990654206,0.0,0.7009345794392523,0.2336448598130841,0.0,0.4672897196261682,0.2336448598130841,0.4672897196261682,0.0,0.4672897196261682,0.9345794392523364,0.0,1.4018691588785046,0.9345794392523364,0.2336448598130841,1.1682242990654206,0.0
7b8cec509cdf,"EU Split Deepens Over Plan to Redirect Russia Frozen Reserves to Defense , Ukraine",Russia,sputnikglobe.com,311,13,3,1,0,0,0,0,0,0,0,0,4,1,1,0,1,2,0,4.180064308681672,0.9646302250803859,0.3215434083601286,0.0,0.0,0.0,0.0,0.0,0.0,0.0,0.0,1.2861736334405145,0.3215434083601286,0.3215434083601286,0.0,0.3215434083601286,0.6430868167202572,0.0
7bc58be1cd1b,Concert by Putin ally Valery Gergiev cancelled in Italy,UNKNOWN,bbc.co.uk,351,18,2,0,2,0,0,2,0,0,0,1,3,0,4,0,1,3,0,5.128205128205129,0.5698005698005698,0.0,0.5698005698005698,0.0,0.0,0.5698005698005698,0.0,0.0,0.0,0.2849002849002849,0.8547008547008547,0.0,1.1396011396011396,0.0,0.2849002849002849,0.8547008547008547,0.0
7cfd5d83af95,"Complex Factors to Blame for Ukraine Conflict , Only US Can Talk to Both Sides",Russia,sputnikglobe.com,426,5,0,0,2,1,0,0,0,0,0,0,0,0,0,0,0,2,0,1.1737089201877935,0.0,0.0,0.4694835680751174,0.2347417840375587,0.0,0.0,0.0,0.0,0.0,0.0,0.0,0.0,0.0,0.0,0.0,0.4694835680751174,0.0
7db4846dc097,Trump condemns Zelensky remarks that war end is  far away,UNKNOWN,bbc.co.uk,593,20,0,1,3,0,0,0,0,0,0,0,9,1,0,0,0,6,0,3.372681281618887,0.0,0.16863406408094436,0.5059021922428331,0.0,0.0,0.0,0.0,0.0,0.0,0.0,1.5177065767284992,0.16863406408094436,0.0,0.0,0.0,1.0118043844856661,0.0
7fd9a35eaa7e,Ukraine - US Investment Fund Finalizes Policies Ahead of 2026 Launch,Ukraine,kyivpost.com,489,5,0,0,1,0,0,0,0,0,0,0,1,0,0,0,0,3,0,1.0224948875255624,0.0,0.0,0.20449897750511248,0.0,0.0,0.0,0.0,0.0,0.0,0.0,0.20449897750511248,0.0,0.0,0.0,0.0,0.6134969325153374,0.0
81facddf8c93,Russia Vows to Identify and Punish Those Responsible for Alyoshki Market Attack,Russia,sputnikglobe.com,296,26,1,0,1,0,0,1,1,2,0,1,8,1,5,1,0,4,0,8.783783783783784,0.33783783783783783,0.0,0.33783783783783783,0.0,0.0,0.33783783783783783,0.33783783783783783,0.6756756756756757,0.0,0.33783783783783783,2.7027027027027026,0.33783783783783783,1.6891891891891893,0.33783783783783783,0.0,1.3513513513513513,0.0
83036174fac7,Russian Oil Export Revenues Tank for Third Consecutive Month,Ukraine,kyivpost.com,294,14,0,0,4,0,0,0,0,0,0,0,6,0,0,0,0,4,0,4.761904761904762,0.0,0.0,1.3605442176870748,0.0,0.0,0.0,0.0,0.0,0.0,0.0,2.0408163265306123,0.0,0.0,0.0,0.0,1.3605442176870748,0.0
83e12060c695,Ukraine says North Korean troops back on front line,UNKNOWN,bbc.co.uk,511,18,0,3,4,0,0,0,0,0,0,0,9,0,0,0,0,2,0,3.522504892367906,0.0,0.5870841487279843,0.7827788649706457,0.0,0.0,0.0,0.0,0.0,0.0,0.0,1.761252446183953,0.0,0.0,0.0,0.0,0.3913894324853229,0.0
870b6c6940b7,Mass Drone Barrage Shuts Down Moscow Airports for Seven Hours as Nearly 300 UAVs Shot Down Across Russia,Ukraine,kyivpost.com,427,18,0,1,2,1,0,0,0,0,0,0,10,0,0,0,0,4,0,4.215456674473068,0.0,0.234192037470726,0.468384074941452,0.234192037470726,0.0,0.0,0.0,0.0,0.0,0.0,2.34192037470726,0.0,0.0,0.0,0.0,0.936768149882904,0.0
888b6ca76e6c,"US Quietly Pressuring EU to Drop Frozen - Asset - Fund Bid for Ukraine , Official Says",Ukraine,kyivpost.com,393,10,0,0,2,0,0,0,0,0,0,0,2,2,0,0,0,4,0,2.544529262086514,0.0,0.0,0.5089058524173028,0.0,0.0,0.0,0.0,0.0,0.0,0.0,0.5089058524173028,0.5089058524173028,0.0,0.0,0.0,1.0178117048346056,0.0
893a13c016e7,"Zelensky could still attend Trump - Putin meeting , but rest of Europe is shut out",UNKNOWN,bbc.co.uk,642,74,10,4,8,1,0,3,0,4,0,0,14,1,6,3,2,18,0,11.526479750778817,1.557632398753894,0.6230529595015576,1.2461059190031152,0.1557632398753894,0.0,0.4672897196261682,0.0,0.6230529595015576,0.0,0.0,2.1806853582554515,0.1557632398753894,0.9345794392523364,0.4672897196261682,0.3115264797507788,2.803738317757009,0.0
8950b77c676e,Merz  Missile Intimidation Tactics Wont Work Because America Calls the Shots in Germany,Russia,sputnikglobe.com,323,36,2,2,4,1,0,2,0,5,1,0,5,1,5,2,1,5,0,11.145510835913313,0.6191950464396285,0.6191950464396285,1.238390092879257,0.30959752321981426,0.0,0.6191950464396285,0.0,1.5479876160990713,0.30959752321981426,0.0,1.5479876160990713,0.30959752321981426,1.5479876160990713,0.6191950464396285,0.30959752321981426,1.5479876160990713,0.0
8958a3d24ede,UK Defense Ministry Names British Paratrooper Killed in Ukraine,Ukraine,kyivpost.com,291,10,0,1,1,1,0,0,0,0,0,0,3,0,0,0,0,4,0,3.4364261168384878,0.0,0.3436426116838488,0.3436426116838488,0.3436426116838488,0.0,0.0,0.0,0.0,0.0,0.0,1.0309278350515463,0.0,0.0,0.0,0.0,1.3745704467353952,0.0
8ae3e860bf12,Orban Believes Ukraine Conflict Could End Soon,Russia,sputnikglobe.com,280,20,1,0,4,1,0,0,1,2,1,0,3,3,2,1,0,1,0,7.142857142857143,0.35714285714285715,0.0,1.4285714285714286,0.35714285714285715,0.0,0.0,0.35714285714285715,0.7142857142857143,0.35714285714285715,0.0,1.0714285714285714,1.0714285714285714,0.7142857142857143,0.35714285714285715,0.0,0.35714285714285715,0.0
8d08f4a16027,American Intelligence Questions Russia Ability to Conquer Ukraine,Ukraine,kyivpost.com,424,22,0,0,5,3,0,0,0,0,0,0,6,0,0,0,0,8,0,5.188679245283019,0.0,0.0,1.179245283018868,0.7075471698113207,0.0,0.0,0.0,0.0,0.0,0.0,1.4150943396226414,0.0,0.0,0.0,0.0,1.8867924528301887,0.0
8d4900ba6fb8,Five killed as Ukraine and Russia trade drone attacks,UNKNOWN,bbc.co.uk,429,24,2,0,1,0,0,1,0,0,0,1,11,0,1,2,0,4,1,5.594405594405594,0.4662004662004662,0.0,0.2331002331002331,0.0,0.0,0.2331002331002331,0.0,0.0,0.0,0.2331002331002331,2.5641025641025643,0.0,0.2331002331002331,0.4662004662004662,0.0,0.9324009324009324,0.2331002331002331
91f496d4052b,Arbitrary Killing – UN Rights Chief Describes Dire Situation in Donbas and Beyond,Ukraine,kyivpost.com,439,10,0,0,0,0,0,0,0,0,0,0,9,0,0,0,0,1,0,2.277904328018223,0.0,0.0,0.0,0.0,0.0,0.0,0.0,0.0,0.0,0.0,2.050113895216401,0.0,0.0,0.0,0.0,0.22779043280182232,0.0
924e8a25be1a,Azerbaijan Running Shadowy Arms Pipeline to Ukraine,Russia,sputnikglobe.com,258,26,1,2,2,0,0,1,1,3,0,1,8,0,2,0,0,5,0,10.077519379844961,0.3875968992248062,0.7751937984496124,0.7751937984496124,0.0,0.0,0.3875968992248062,0.3875968992248062,1.1627906976744187,0.0,0.3875968992248062,3.10077519379845,0.0,0.7751937984496124,0.0,0.0,1.937984496124031,0.0
93ac8d25e3e7,Trump says Russia  have the card in peace negotiations,UNKNOWN,bbc.co.uk,459,17,0,1,3,0,0,0,0,0,0,0,8,1,0,0,0,4,0,3.7037037037037037,0.0,0.2178649237472767,0.6535947712418301,0.0,0.0,0.0,0.0,0.0,0.0,0.0,1.7429193899782136,0.2178649237472767,0.0,0.0,0.0,0.8714596949891068,0.0
99b9f9b842e4,Kazakhstan BI Group Enters Kyiv Construction Market With Ukrainian Acquisition,Ukraine,kyivpost.com,479,10,0,0,3,0,0,0,0,0,0,0,3,0,0,0,0,4,0,2.0876826722338206,0.0,0.0,0.6263048016701461,0.0,0.0,0.0,0.0,0.0,0.0,0.0,0.6263048016701461,0.0,0.0,0.0,0.0,0.8350730688935282,0.0
9ac3328d7efd,Kellogg Blasts Times for Misrepresenting His Words on Ukraine  Partitioning,Russia,sputnikglobe.com,444,34,4,2,2,0,0,0,0,3,0,0,6,3,4,3,4,3,0,7.657657657657658,0.9009009009009009,0.45045045045045046,0.45045045045045046,0.0,0.0,0.0,0.0,0.6756756756756757,0.0,0.0,1.3513513513513513,0.6756756756756757,0.9009009009009009,0.6756756756756757,0.9009009009009009,0.6756756756756757,0.0
9d416bae6a38,Erdogan Warns Black Sea Should Not Be  Area of Confrontation  After Strikes,Ukraine,kyivpost.com,295,3,0,0,0,0,0,0,0,0,0,0,2,0,0,0,0,1,0,1.0169491525423728,0.0,0.0,0.0,0.0,0.0,0.0,0.0,0.0,0.0,0.0,0.6779661016949152,0.0,0.0,0.0,0.0,0.3389830508474576,0.0
9e6ae2572d62,US Imposes Sanctions on Russian Companies Lukoil and Rosneft Treasury,Russia,sputnikglobe.com,243,11,2,0,2,0,0,0,0,0,0,0,1,0,1,1,0,3,1,4.526748971193416,0.823045267489712,0.0,0.823045267489712,0.0,0.0,0.0,0.0,0.0,0.0,0.0,0.411522633744856,0.0,0.411522633744856,0.411522633744856,0.0,1.2345679012345678,0.411522633744856
9ed1dcc56ab5,Zelensky Announces New US Talks as Kyiv Finalizes Key Documents,Ukraine,kyivpost.com,508,17,0,0,3,0,0,0,0,0,0,0,6,0,0,0,0,8,0,3.3464566929133857,0.0,0.0,0.5905511811023622,0.0,0.0,0.0,0.0,0.0,0.0,0.0,1.1811023622047243,0.0,0.0,0.0,0.0,1.5748031496062993,0.0
a05f87b1b1ee,Macron Plans to Send French Troops to Ukraine Are Recipe for Disaster,Russia,sputnikglobe.com,264,29,0,1,1,1,0,2,2,1,0,0,7,4,3,0,3,4,0,10.984848484848484,0.0,0.3787878787878788,0.3787878787878788,0.3787878787878788,0.0,0.7575757575757576,0.7575757575757576,0.3787878787878788,0.0,0.0,2.6515151515151514,1.5151515151515151,1.1363636363636365,0.0,1.1363636363636365,1.5151515151515151,0.0
a200f3cbe75e,This Is Already a Compromise  – Zelensky Wont Alter Constitution to Rule Out NATO Membership,Ukraine,kyivpost.com,533,19,0,1,5,0,0,0,0,0,0,0,4,3,0,0,0,6,0,3.5647279549718576,0.0,0.18761726078799248,0.9380863039399625,0.0,0.0,0.0,0.0,0.0,0.0,0.0,0.7504690431519699,0.5628517823639775,0.0,0.0,0.0,1.125703564727955,0.0
a255789cd0bb,Ukraine Deploys New Mobile Surgery Units as Drone War Pushes Rear Lines Deeper,Ukraine,kyivpost.com,520,18,0,1,4,0,0,0,0,0,0,0,5,0,0,0,0,8,0,3.4615384615384617,0.0,0.19230769230769232,0.7692307692307693,0.0,0.0,0.0,0.0,0.0,0.0,0.0,0.9615384615384616,0.0,0.0,0.0,0.0,1.5384615384615385,0.0
a6cd5197c911,Kremlin : Russia Willingness for Dialogue on Ukraine Remains Unchanged,Russia,sputnikglobe.com,364,30,2,0,1,0,0,6,3,2,0,1,9,0,4,0,0,2,0,8.241758241758241,0.5494505494505495,0.0,0.27472527472527475,0.0,0.0,1.6483516483516483,0.8241758241758241,0.5494505494505495,0.0,0.27472527472527475,2.4725274725274726,0.0,1.098901098901099,0.0,0.0,0.5494505494505495,0.0
a970cad6e090,NATO Threats to Be  More Aggressive  Betray Bloc  Belligerent  Nature,Russia,sputnikglobe.com,241,22,0,0,3,0,0,2,0,1,0,1,6,1,3,0,1,4,0,9.12863070539419,0.0,0.0,1.2448132780082988,0.0,0.0,0.8298755186721992,0.0,0.4149377593360996,0.0,0.4149377593360996,2.4896265560165975,0.4149377593360996,1.2448132780082988,0.0,0.4149377593360996,1.6597510373443984,0.0
aa90602c85c3,US aid pause raises stakes for Starmer Ukraine strategy,UNKNOWN,bbc.co.uk,649,32,0,1,9,2,0,0,0,0,0,0,10,0,0,0,0,10,0,4.9306625577812015,0.0,0.15408320493066255,1.386748844375963,0.3081664098613251,0.0,0.0,0.0,0.0,0.0,0.0,1.5408320493066257,0.0,0.0,0.0,0.0,1.5408320493066257,0.0
ab91a3ab3c8b,"Ukraine Hits Russian Warship in Caspian Sea , Opening New Drone Front",Ukraine,kyivpost.com,538,13,0,0,0,0,0,0,0,0,0,0,6,0,0,0,0,7,0,2.41635687732342,0.0,0.0,0.0,0.0,0.0,0.0,0.0,0.0,0.0,0.0,1.1152416356877324,0.0,0.0,0.0,0.0,1.3011152416356877,0.0
ac3a876ff925,The Clock Is Ticking  – united kingdom Warns Abramovich to Release £2 . 5B for Ukraine,Ukraine,kyivpost.com,416,10,0,1,2,0,0,0,0,0,0,0,3,0,0,0,0,4,0,2.4038461538461537,0.0,0.2403846153846154,0.4807692307692308,0.0,0.0,0.0,0.0,0.0,0.0,0.0,0.7211538461538461,0.0,0.0,0.0,0.0,0.9615384615384616,0.0
ac466de0679d,A Crucial Moment in Our History  – Merz Calls for EU to Move On Reparations Loan Backed by Frozen Russian Assets,Ukraine,kyivpost.com,548,15,0,1,1,0,0,0,0,0,0,0,8,1,0,0,0,4,0,2.7372262773722627,0.0,0.18248175182481752,0.18248175182481752,0.0,0.0,0.0,0.0,0.0,0.0,0.0,1.4598540145985401,0.18248175182481752,0.0,0.0,0.0,0.7299270072992701,0.0
b30c87ccd03c,"Russian Strike Destroys Nova Poshta Innovation Terminal in Kharkiv , Kills 4 Workers",Ukraine,kyivpost.com,265,13,0,0,0,0,0,0,0,0,0,1,6,0,3,0,0,2,1,4.90566037735849,0.0,0.0,0.0,0.0,0.0,0.0,0.0,0.0,0.0,0.37735849056603776,2.2641509433962264,0.0,1.1320754716981132,0.0,0.0,0.7547169811320755,0.37735849056603776
b4102c29d71a,UN - Led Ukraine : Which Countries Have Experienced International Rule ?,Russia,sputnikglobe.com,281,13,1,0,2,0,0,1,0,0,0,1,3,0,2,0,0,3,0,4.6263345195729535,0.35587188612099646,0.0,0.7117437722419929,0.0,0.0,0.35587188612099646,0.0,0.0,0.0,0.35587188612099646,1.0676156583629892,0.0,0.7117437722419929,0.0,0.0,1.0676156583629892,0.0
b443dcd3088e,EU Official Admits Bloc Failing to Advance Peace in Ukraine,Russia,sputnikglobe.com,242,9,0,0,1,0,0,0,0,0,0,0,5,2,0,0,0,1,0,3.71900826446281,0.0,0.0,0.4132231404958678,0.0,0.0,0.0,0.0,0.0,0.0,0.0,2.0661157024793386,0.8264462809917356,0.0,0.0,0.0,0.4132231404958678,0.0
b654c39e88fd,"Two united kingdom diplomats expelled from Russia for spying , state media reports",UNKNOWN,bbc.co.uk,351,10,0,0,1,0,0,0,0,0,0,0,6,1,0,0,0,2,0,2.849002849002849,0.0,0.0,0.2849002849002849,0.0,0.0,0.0,0.0,0.0,0.0,0.0,1.7094017094017093,0.2849002849002849,0.0,0.0,0.0,0.5698005698005698,0.0
b67f860590a2,Trump threatens India with  substantial  tariff hike for buying Russian oil,UNKNOWN,bbc.co.uk,620,36,8,0,6,0,0,2,0,3,0,1,6,0,3,3,0,3,1,5.806451612903226,1.2903225806451613,0.0,0.967741935483871,0.0,0.0,0.3225806451612903,0.0,0.4838709677419355,0.0,0.16129032258064516,0.967741935483871,0.0,0.4838709677419355,0.4838709677419355,0.0,0.4838709677419355,0.16129032258064516
b8cd38c4ed76,"Belgorod Hit by Missile , Drones Strike Near Moscow as Russia Reports Over 140 UAVs Downed",Ukraine,kyivpost.com,573,16,0,1,0,0,0,0,0,0,0,0,12,0,0,0,0,3,0,2.7923211169284468,0.0,0.17452006980802792,0.0,0.0,0.0,0.0,0.0,0.0,0.0,0.0,2.094240837696335,0.0,0.0,0.0,0.0,0.5235602094240838,0.0
bb625510e5b4,"Trump treatment of Zelensky  wrong , says Rishi Sunak",UNKNOWN,bbc.co.uk,630,17,0,0,1,0,0,0,0,0,0,0,9,0,0,0,0,7,0,2.6984126984126986,0.0,0.0,0.15873015873015872,0.0,0.0,0.0,0.0,0.0,0.0,0.0,1.4285714285714286,0.0,0.0,0.0,0.0,1.1111111111111112,0.0
c0b4599df4eb,Riyadh Meeting May Be  Beginning of the End of NATO : Ex - DoD Analyst Explains Why,Russia,sputnikglobe.com,221,28,4,1,1,0,0,0,3,3,0,0,4,0,5,3,0,3,1,12.669683257918551,1.8099547511312217,0.45248868778280543,0.45248868778280543,0.0,0.0,0.0,1.3574660633484164,1.3574660633484164,0.0,0.0,1.8099547511312217,0.0,2.262443438914027,1.3574660633484164,0.0,1.3574660633484164,0.45248868778280543
c1bc5a723016,"US Arms Ukraine , Europe Pays the Bill - A NATO Masterclass in Teamwork",Russia,sputnikglobe.com,274,9,0,0,1,1,0,0,0,0,0,0,4,1,0,0,0,2,0,3.2846715328467155,0.0,0.0,0.36496350364963503,0.36496350364963503,0.0,0.0,0.0,0.0,0.0,0.0,1.4598540145985401,0.36496350364963503,0.0,0.0,0.0,0.7299270072992701,0.0
c2308b82a320,Putin reaffirms friendship with North Korea ahead of Trump talks,UNKNOWN,bbc.co.uk,365,27,1,2,3,0,0,0,0,3,0,3,4,0,3,2,0,6,0,7.397260273972603,0.273972602739726,0.547945205479452,0.821917808219178,0.0,0.0,0.0,0.0,0.821917808219178,0.0,0.821917808219178,1.095890410958904,0.0,0.821917808219178,0.547945205479452,0.0,1.643835616438356,0.0
c23b8c04c203,Battle - Hardened Russian Bear is No  Paper Tiger : Here Why,Russia,sputnikglobe.com,353,53,6,4,9,3,0,0,1,1,2,0,7,1,5,4,0,8,2,15.01416430594901,1.6997167138810199,1.13314447592068,2.54957507082153,0.8498583569405099,0.0,0.0,0.28328611898017,0.28328611898017,0.56657223796034,0.0,1.9830028328611897,0.28328611898017,1.4164305949008498,1.13314447592068,0.0,2.26628895184136,0.56657223796034
cadb0daeed50,Putin Easter truce : Cause for scepticism or chance for peace ?,UNKNOWN,bbc.co.uk,587,37,0,1,11,4,0,0,0,0,0,0,8,1,0,0,0,12,0,6.303236797274276,0.0,0.17035775127768313,1.8739352640545144,0.6814310051107325,0.0,0.0,0.0,0.0,0.0,0.0,1.362862010221465,0.17035775127768313,0.0,0.0,0.0,2.0442930153321974,0.0
cee30e6438ed,"Ukraine Civilian Deaths in 2025 Highest Since 2022 , UN Says",Ukraine,kyivpost.com,321,20,3,0,3,1,0,0,0,1,0,0,7,0,2,0,0,3,0,6.230529595015576,0.9345794392523364,0.0,0.9345794392523364,0.3115264797507788,0.0,0.0,0.0,0.3115264797507788,0.0,0.0,2.1806853582554515,0.0,0.6230529595015576,0.0,0.0,0.9345794392523364,0.0
d16948c61cac,Bowen : Trump - Zelensky row signals major crisis looming for Nato,UNKNOWN,bbc.co.uk,329,25,0,1,4,0,0,0,0,0,0,0,13,1,0,0,0,6,0,7.598784194528875,0.0,0.303951367781155,1.21580547112462,0.0,0.0,0.0,0.0,0.0,0.0,0.0,3.951367781155015,0.303951367781155,0.0,0.0,0.0,1.8237082066869301,0.0
d27af2ef6081,Phantom Pain of Lost Empires : Starmer and Macron Risk Global Conflict Over Ukraine,Russia,sputnikglobe.com,188,26,1,1,3,1,1,0,0,3,0,0,4,3,3,2,2,2,0,13.829787234042554,0.5319148936170213,0.5319148936170213,1.5957446808510638,0.5319148936170213,0.5319148936170213,0.0,0.0,1.5957446808510638,0.0,0.0,2.127659574468085,1.5957446808510638,1.5957446808510638,1.0638297872340425,1.0638297872340425,1.0638297872340425,0.0
d28b6aa528c4,"Quantum Systems , Frontline Robotics Launch Joint Drone Production in Germany",Ukraine,kyivpost.com,538,9,0,0,1,0,0,0,0,0,0,0,1,0,0,0,0,7,0,1.6728624535315986,0.0,0.0,0.18587360594795538,0.0,0.0,0.0,0.0,0.0,0.0,0.0,0.18587360594795538,0.0,0.0,0.0,0.0,1.3011152416356877,0.0
d309fbdf65ce,Ukraine : Zelensky demands sanctions after Russia strikes kill 33 in Kyiv,UNKNOWN,bbc.co.uk,360,23,5,0,1,0,0,0,0,0,1,0,7,0,1,4,0,4,0,6.388888888888889,1.3888888888888888,0.0,0.2777777777777778,0.0,0.0,0.0,0.0,0.0,0.2777777777777778,0.0,1.9444444444444444,0.0,0.2777777777777778,1.1111111111111112,0.0,1.1111111111111112,0.0
d3b3434834e0,Finnish Politician Warns NATO Chief : Stop Arming Ukraine or Risk Nuclear War,Russia,sputnikglobe.com,231,21,1,1,2,0,0,1,0,0,0,0,7,4,1,0,3,1,0,9.090909090909092,0.4329004329004329,0.4329004329004329,0.8658008658008658,0.0,0.0,0.4329004329004329,0.0,0.0,0.0,0.0,3.0303030303030303,1.7316017316017316,0.4329004329004329,0.0,1.2987012987012987,0.4329004329004329,0.0
d49526238295,"Russia Must Shrink its Army for Any Peace to Hold , Says Top EU Diplomat",Ukraine,kyivpost.com,491,14,0,0,3,0,0,0,0,0,0,0,8,0,0,0,0,3,0,2.8513238289205702,0.0,0.0,0.6109979633401222,0.0,0.0,0.0,0.0,0.0,0.0,0.0,1.629327902240326,0.0,0.0,0.0,0.0,0.6109979633401222,0.0
d5f7a51045d7,Trump Says Zelensky Shouldnt Have Allowed Conflict to Happen But Wanted to Fight,Russia,sputnikglobe.com,374,17,0,0,3,0,0,0,0,0,0,0,6,4,0,0,0,4,0,4.545454545454546,0.0,0.0,0.8021390374331551,0.0,0.0,0.0,0.0,0.0,0.0,0.0,1.6042780748663101,1.0695187165775402,0.0,0.0,0.0,1.0695187165775402,0.0
d61fe365ec0d,Putin & Trump Rewrite the Rules of Great Power Politics in Alaska,Russia,sputnikglobe.com,546,23,0,1,7,2,0,0,0,0,0,0,6,0,0,0,0,7,0,4.212454212454213,0.0,0.18315018315018314,1.2820512820512822,0.3663003663003663,0.0,0.0,0.0,0.0,0.0,0.0,1.098901098901099,0.0,0.0,0.0,0.0,1.2820512820512822,0.0
d83fb93f3fa6,"Four dead in Russian strike on Kursk school , Ukraine says",UNKNOWN,bbc.co.uk,281,16,0,2,1,0,0,0,0,0,0,0,9,0,0,0,0,4,0,5.693950177935943,0.0,0.7117437722419929,0.35587188612099646,0.0,0.0,0.0,0.0,0.0,0.0,0.0,3.202846975088968,0.0,0.0,0.0,0.0,1.4234875444839858,0.0
d9ddc954ebc7,Estonia Doubles Down on Massive Defense Outlays Amid Phantom  Russia Threat,Russia,sputnikglobe.com,238,14,0,0,4,0,0,0,0,0,0,0,5,1,0,0,0,4,0,5.882352941176471,0.0,0.0,1.680672268907563,0.0,0.0,0.0,0.0,0.0,0.0,0.0,2.100840336134454,0.42016806722689076,0.0,0.0,0.0,1.680672268907563,0.0
da58bf67d843,EU Leaders Fear Peace in Ukraine – French Army Veteran,Russia,sputnikglobe.com,311,30,4,2,2,0,0,0,1,3,0,0,6,1,5,0,1,5,0,9.646302250803858,1.2861736334405145,0.6430868167202572,0.6430868167202572,0.0,0.0,0.0,0.3215434083601286,0.9646302250803859,0.0,0.0,1.9292604501607717,0.3215434083601286,1.607717041800643,0.0,0.3215434083601286,1.607717041800643,0.0
dc374815cf13,Europe Lacks Military Power to Challenge Russia - Ex - US Intel Officer Ritter,Russia,sputnikglobe.com,217,10,1,0,1,0,0,0,0,0,0,1,2,0,3,0,0,2,0,4.608294930875576,0.4608294930875576,0.0,0.4608294930875576,0.0,0.0,0.0,0.0,0.0,0.0,0.4608294930875576,0.9216589861751152,0.0,1.3824884792626728,0.0,0.0,0.9216589861751152,0.0
dcc251bc07be,"Ukraine Parliament Approves Shmyhal as Deputy PM , Energy Minister",Ukraine,kyivpost.com,266,11,2,0,2,0,0,0,0,0,0,0,4,0,2,0,0,1,0,4.135338345864661,0.7518796992481203,0.0,0.7518796992481203,0.0,0.0,0.0,0.0,0.0,0.0,0.0,1.5037593984962405,0.0,0.7518796992481203,0.0,0.0,0.37593984962406013,0.0
e017ef0db3e8,"Putin - Trump Summit Corners Ukraine into Cutting Deal , Warns Off Europe From Meddling",Russia,sputnikglobe.com,470,22,0,1,2,1,0,0,0,0,0,0,8,2,0,0,0,8,0,4.680851063829787,0.0,0.2127659574468085,0.425531914893617,0.2127659574468085,0.0,0.0,0.0,0.0,0.0,0.0,1.702127659574468,0.425531914893617,0.0,0.0,0.0,1.702127659574468,0.0
e241cf238d80,Ukraine war : US to hold talks in Paris with Europeans,UNKNOWN,bbc.co.uk,544,18,0,3,1,0,0,0,0,0,0,0,9,2,0,0,0,3,0,3.3088235294117645,0.0,0.5514705882352942,0.18382352941176472,0.0,0.0,0.0,0.0,0.0,0.0,0.0,1.6544117647058822,0.36764705882352944,0.0,0.0,0.0,0.5514705882352942,0.0
e6f095e75bbc,"Trump and Putin to hold call on ceasefire deal soon , US envoy says",UNKNOWN,bbc.co.uk,361,6,0,1,1,0,0,0,0,0,0,0,2,0,0,0,0,2,0,1.6620498614958448,0.0,0.2770083102493075,0.2770083102493075,0.0,0.0,0.0,0.0,0.0,0.0,0.0,0.554016620498615,0.0,0.0,0.0,0.0,0.554016620498615,0.0
e7f2b04c9931,"Russia - Ukraine Talks , Round 2 : Kiev  Memorandum  is Ultimatum Dressed as Diplomacy",Russia,sputnikglobe.com,435,37,3,3,4,0,0,2,0,1,0,0,9,0,5,3,1,6,0,8.505747126436782,0.6896551724137931,0.6896551724137931,0.9195402298850575,0.0,0.0,0.45977011494252873,0.0,0.22988505747126436,0.0,0.0,2.0689655172413794,0.0,1.1494252873563218,0.6896551724137931,0.22988505747126436,1.3793103448275863,0.0
ea156fb40fc2,"Georgia Disputed Parliamentary Speaker Blames Ukraine for War , Draws Parallels with 2008 Russian Invasion",Ukraine,kyivpost.com,557,26,0,0,5,1,0,0,0,0,0,0,11,5,0,0,0,4,0,4.667863554757631,0.0,0.0,0.8976660682226212,0.17953321364452424,0.0,0.0,0.0,0.0,0.0,0.0,1.9748653500897666,0.8976660682226212,0.0,0.0,0.0,0.718132854578097,0.0
ea2aca055c4d,Russia Presses Poland to Free Archaeologist Wanted by Ukraine Over  Illegal  Excavations,Ukraine,kyivpost.com,440,28,4,1,2,0,0,0,0,0,0,2,7,2,4,0,1,5,0,6.363636363636363,0.9090909090909091,0.22727272727272727,0.45454545454545453,0.0,0.0,0.0,0.0,0.0,0.0,0.45454545454545453,1.5909090909090908,0.45454545454545453,0.9090909090909091,0.0,0.22727272727272727,1.1363636363636365,0.0
ed1c2b102d83,If They Strike With Taurus - Russia Next Target Will Be German Military Facility,Russia,sputnikglobe.com,167,25,1,3,1,0,0,0,1,3,0,1,7,1,2,1,1,3,0,14.970059880239521,0.5988023952095808,1.7964071856287425,0.5988023952095808,0.0,0.0,0.0,0.5988023952095808,1.7964071856287425,0.0,0.5988023952095808,4.191616766467066,0.5988023952095808,1.1976047904191616,0.5988023952095808,0.5988023952095808,1.7964071856287425,0.0
ee5d1c53eeb4,Trump on Ukraine Conflict : Next Few Days Are Crucial for Swift Resolution,Russia,sputnikglobe.com,213,16,4,0,2,0,0,0,0,0,0,0,1,0,1,2,0,4,2,7.511737089201878,1.8779342723004695,0.0,0.9389671361502347,0.0,0.0,0.0,0.0,0.0,0.0,0.0,0.4694835680751174,0.0,0.4694835680751174,0.9389671361502347,0.0,1.8779342723004695,0.9389671361502347
ef891ab564b2,"The long , slow road to a Russia - Ukraine ceasefire",UNKNOWN,bbc.co.uk,489,21,0,0,7,2,0,0,0,0,0,0,6,0,0,0,0,6,0,4.294478527607362,0.0,0.0,1.4314928425357873,0.40899795501022496,0.0,0.0,0.0,0.0,0.0,0.0,1.2269938650306749,0.0,0.0,0.0,0.0,1.2269938650306749,0.0
f1bd03b5c2b8,Putin & Trump Find Common Ground as West War Party Shut Out,Russia,sputnikglobe.com,351,14,0,0,4,1,0,0,0,0,0,0,3,2,0,0,0,4,0,3.988603988603989,0.0,0.0,1.1396011396011396,0.2849002849002849,0.0,0.0,0.0,0.0,0.0,0.0,0.8547008547008547,0.5698005698005698,0.0,0.0,0.0,1.1396011396011396,0.0
f398fa612849,"Russia agents killed after intelligence officer shot dead , says Ukraine",UNKNOWN,bbc.co.uk,413,21,0,1,5,0,0,0,0,0,0,0,11,0,0,0,0,4,0,5.084745762711864,0.0,0.24213075060532688,1.2106537530266344,0.0,0.0,0.0,0.0,0.0,0.0,0.0,2.6634382566585955,0.0,0.0,0.0,0.0,0.9685230024213075,0.0
f6a8904ab576,Musk and Rubio spar with Polish minister over Ukraine use of Starlink,UNKNOWN,bbc.co.uk,513,27,0,2,7,0,0,0,0,0,0,0,6,1,0,0,0,11,0,5.2631578947368425,0.0,0.3898635477582846,1.364522417153996,0.0,0.0,0.0,0.0,0.0,0.0,0.0,1.1695906432748537,0.1949317738791423,0.0,0.0,0.0,2.1442495126705654,0.0
f9946df3e78d,US Shares Proposals With Europe to Restore Economic Ties With Russia,Russia,sputnikglobe.com,344,15,0,3,3,1,0,0,0,0,0,0,3,1,0,0,0,4,0,4.3604651162790695,0.0,0.872093023255814,0.872093023255814,0.29069767441860467,0.0,0.0,0.0,0.0,0.0,0.0,0.872093023255814,0.29069767441860467,0.0,0.0,0.0,1.1627906976744187,0.0
fa40251cf2fa,Ukraine Battles an Attempted Russian Breakthrough in Border Region,Ukraine,kyivpost.com,289,11,0,0,1,0,0,0,0,0,0,0,7,0,0,0,0,3,0,3.8062283737024223,0.0,0.0,0.3460207612456747,0.0,0.0,0.0,0.0,0.0,0.0,0.0,2.422145328719723,0.0,0.0,0.0,0.0,1.0380622837370241,0.0
ff19a2f804c0,UK Targets Putin War Machine With Fresh Sanctions,Ukraine,kyivpost.com,322,7,0,0,0,0,0,0,0,0,0,0,3,0,0,0,0,4,0,2.1739130434782608,0.0,0.0,0.0,0.0,0.0,0.0,0.0,0.0,0.0,0.0,0.9316770186335404,0.0,0.0,0.0,0.0,1.2422360248447204,0.0
