article_id,headline,viewpoint_country,domain,word_count,total_arguments,premises,developments,conclusions,avg_premises_per_argument,avg_developments_per_argument,avg_conclusions_per_argument,avg_pdc_per_argument,premise_ratio,development_ratio,conclusion_ratio,arguments_per_100,premises_per_100,developments_per_100,conclusions_per_100
0612d02d0350,Hungarian Minister Slams Forced Mobilization in Ukraine as  Disgrace for Europe,Russia,sputnikglobe.com,243,5,9,3,4,1.8,0.6,0.8,3.2,0.5625,0.1875,0.25,2.05761316872428,3.7037037037037037,1.2345679012345678,1.646090534979424
08ac17888bf7,Fico Vowed  Not a Single Bullet to Ukraine  – But Slovakia is Selling More Arms Than Ever,Ukraine,kyivpost.com,367,13,24,8,10,1.8461538461538463,0.6153846153846154,0.7692307692307693,3.230769230769231,0.5714285714285714,0.19047619047619047,0.23809523809523808,3.542234332425068,6.539509536784741,2.1798365122615806,2.7247956403269753
0b1400b94794,Kremlin Says Euro Involvement  Does Not Bode Well  for Peace Plan,Ukraine,kyivpost.com,410,14,18,6,9,1.2857142857142858,0.42857142857142855,0.6428571428571429,2.357142857142857,0.5454545454545454,0.18181818181818182,0.2727272727272727,3.4146341463414633,4.390243902439025,1.4634146341463414,2.1951219512195124
0c37da3b45d5,"Current Situation in Ukraine Requires Peace , Not Ceasefire",Russia,sputnikglobe.com,521,16,19,8,14,1.1875,0.5,0.875,2.5625,0.4634146341463415,0.1951219512195122,0.34146341463414637,3.071017274472169,3.6468330134357005,1.5355086372360844,2.6871401151631478
0d664022eb6e,"Starmer , De Wever Discuss Using Frozen Russian Assets to Fund Ukraine",Ukraine,kyivpost.com,534,17,32,13,11,1.8823529411764706,0.7647058823529411,0.6470588235294118,3.2941176470588234,0.5714285714285714,0.23214285714285715,0.19642857142857142,3.183520599250936,5.992509363295881,2.4344569288389515,2.059925093632959
0e3d42482cd4,Ukraine says N Korea troops likely pulled from front line over heavy losses,UNKNOWN,bbc.co.uk,394,11,19,8,2,1.7272727272727273,0.7272727272727273,0.18181818181818182,2.6363636363636362,0.6551724137931034,0.27586206896551724,0.06896551724137931,2.7918781725888326,4.822335025380711,2.030456852791878,0.5076142131979695
10213b8d2f2e,"Russian Strikes Hit Southern Ukraine , Knock Out Power in Odesa , Mykolaiv Regions",Ukraine,kyivpost.com,396,13,28,5,2,2.1538461538461537,0.38461538461538464,0.15384615384615385,2.6923076923076925,0.8,0.14285714285714285,0.05714285714285714,3.282828282828283,7.070707070707071,1.2626262626262625,0.5050505050505051
102f1229d773,Rockwool Says Russia Takes Over its 4 Factories,Ukraine,kyivpost.com,268,10,17,6,3,1.7,0.6,0.3,2.6,0.6538461538461539,0.23076923076923078,0.11538461538461539,3.7313432835820897,6.343283582089552,2.2388059701492535,1.1194029850746268
10f6ffbec185,"France , Spain Increase Russian LNG Imports as EU Ranks Among Top Buyers",Ukraine,kyivpost.com,490,15,35,5,4,2.3333333333333335,0.3333333333333333,0.26666666666666666,2.933333333333333,0.7954545454545454,0.11363636363636363,0.09090909090909091,3.061224489795918,7.142857142857143,1.0204081632653061,0.8163265306122449
119a45c9630e,Coalition of the Willing Leaders to Meet Zelensky After Call With Trump,Ukraine,kyivpost.com,348,13,20,4,1,1.5384615384615385,0.3076923076923077,0.07692307692307693,1.9230769230769231,0.8,0.16,0.04,3.735632183908046,5.747126436781609,1.1494252873563218,0.28735632183908044
12c84947ef54,Trump Tariffs Will Jeopardize Ukraine Aid,Russia,sputnikglobe.com,247,13,18,8,12,1.3846153846153846,0.6153846153846154,0.9230769230769231,2.923076923076923,0.47368421052631576,0.21052631578947367,0.3157894736842105,5.2631578947368425,7.287449392712551,3.2388663967611335,4.8582995951417
1376fa7dcfd0,"No Russian Facility Is Safe , SBU Source Says After Third Strike on Caspian Oil Platforms",Ukraine,kyivpost.com,335,11,20,7,5,1.8181818181818181,0.6363636363636364,0.45454545454545453,2.909090909090909,0.625,0.21875,0.15625,3.283582089552239,5.970149253731344,2.08955223880597,1.492537313432836
13d801eefb4e,Big Tech or Big Threat ? Google and Facebook Military Ties Exposed,Russia,sputnikglobe.com,551,20,28,10,5,1.4,0.5,0.25,2.15,0.6511627906976745,0.23255813953488372,0.11627906976744186,3.629764065335753,5.081669691470054,1.8148820326678765,0.9074410163339383
1673d188a461,Hungary Still Demands Ukraine Account for Funds Spent,Russia,sputnikglobe.com,338,8,12,4,9,1.5,0.5,1.125,3.125,0.48,0.16,0.36,2.366863905325444,3.5502958579881656,1.183431952662722,2.662721893491124
198dfc775842,Putin gives Trump just enough to claim progress on Ukraine peace,UNKNOWN,bbc.co.uk,465,22,22,13,15,1.0,0.5909090909090909,0.6818181818181818,2.272727272727273,0.44,0.26,0.3,4.731182795698925,4.731182795698925,2.795698924731183,3.225806451612903
1a9741098637,EU Targets 9 New Players Behind Russia Shadow Fleet,Ukraine,kyivpost.com,279,10,18,5,3,1.8,0.5,0.3,2.6,0.6923076923076923,0.19230769230769232,0.11538461538461539,3.5842293906810037,6.451612903225806,1.7921146953405018,1.075268817204301
1d78ba05908c,"Russia Claims Oreshnik Strike Disabled Lviv Aviation Repair Plant Servicing F - 16s , MiG - 29s",Ukraine,kyivpost.com,418,15,22,11,4,1.4666666666666666,0.7333333333333333,0.26666666666666666,2.466666666666667,0.5945945945945946,0.2972972972972973,0.10810810810810811,3.588516746411483,5.2631578947368425,2.6315789473684212,0.9569377990430622
1e5672490bfc,Turkish Vessel Left Ablaze After Russian Strike on Ukrainian Ports,Ukraine,kyivpost.com,470,15,22,9,5,1.4666666666666666,0.6,0.3333333333333333,2.4,0.6111111111111112,0.25,0.1388888888888889,3.1914893617021276,4.680851063829787,1.9148936170212767,1.0638297872340425
2172e123ae72,Vance Suggests Trump Administration Wont Be  Shipping Off Money to Ukraine,Ukraine,kyivpost.com,337,9,14,8,5,1.5555555555555556,0.8888888888888888,0.5555555555555556,3.0,0.5185185185185185,0.2962962962962963,0.18518518518518517,2.6706231454005933,4.154302670623146,2.373887240356083,1.4836795252225519
2388fcef8685,Zelensky Security Guarantees for Ukraine Unacceptable,Russia,sputnikglobe.com,543,12,18,10,9,1.5,0.8333333333333334,0.75,3.0833333333333335,0.4864864864864865,0.2702702702702703,0.24324324324324326,2.2099447513812156,3.314917127071823,1.8416206261510129,1.6574585635359116
25a4e752cbd5,Russia Threatens to Expand Legal Action Against European Banks Over Frozen Assets,Ukraine,kyivpost.com,530,14,23,8,5,1.6428571428571428,0.5714285714285714,0.35714285714285715,2.5714285714285716,0.6388888888888888,0.2222222222222222,0.1388888888888889,2.641509433962264,4.339622641509434,1.509433962264151,0.9433962264150944
260cd0ad2ac4,EU Ukraine Loan Backed by Frozen Russian Assets May Hinder Peace Talks,Russia,sputnikglobe.com,268,9,13,3,5,1.4444444444444444,0.3333333333333333,0.5555555555555556,2.3333333333333335,0.6190476190476191,0.14285714285714285,0.23809523809523808,3.3582089552238807,4.850746268656716,1.1194029850746268,1.8656716417910448
2af954f3ead1,Putin Signs Law Confiscating  Ownerles Homes in Occupied Ukraine,Ukraine,kyivpost.com,323,8,16,3,4,2.0,0.375,0.5,2.875,0.6956521739130435,0.13043478260869565,0.17391304347826086,2.476780185758514,4.953560371517028,0.9287925696594427,1.238390092879257
2e51ae48c85f,UK revokes accreditation for two Russian diplomatic officials,UNKNOWN,bbc.co.uk,477,19,23,7,10,1.2105263157894737,0.3684210526315789,0.5263157894736842,2.1052631578947367,0.575,0.175,0.25,3.9832285115303985,4.821802935010482,1.4675052410901468,2.0964360587002098
2ec3269286ab,North Korea leader meets families of soldiers killed in Russia war,UNKNOWN,bbc.co.uk,385,12,19,8,2,1.5833333333333333,0.6666666666666666,0.16666666666666666,2.4166666666666665,0.6551724137931034,0.27586206896551724,0.06896551724137931,3.116883116883117,4.935064935064935,2.0779220779220777,0.5194805194805194
2f86f935d804,Ukraine Nato exclusion must be in peace deal - Russian official,UNKNOWN,bbc.co.uk,391,16,23,8,4,1.4375,0.5,0.25,2.1875,0.6571428571428571,0.22857142857142856,0.11428571428571428,4.092071611253197,5.882352941176471,2.0460358056265986,1.0230179028132993
31402e35d26c,Ukraine Parliament Block Shmyhal as Energy Minister Amid Worsening Winter Energy Crisis,Ukraine,kyivpost.com,282,10,22,6,3,2.2,0.6,0.3,3.1,0.7096774193548387,0.1935483870967742,0.0967741935483871,3.5460992907801416,7.801418439716312,2.127659574468085,1.0638297872340425
32175ad731e5,Zelensky Warns Ukraine May Slash Drone Production Without Spring Funding,Ukraine,kyivpost.com,315,8,15,6,4,1.875,0.75,0.5,3.125,0.6,0.24,0.16,2.5396825396825395,4.761904761904762,1.9047619047619047,1.2698412698412698
33188ed7c6b1,"Ukraine war latest : Russia and Ukraine agree to ceasefire in Black Sea , White House says",UNKNOWN,bbc.co.uk,259,10,14,6,8,1.4,0.6,0.8,2.8,0.5,0.21428571428571427,0.2857142857142857,3.861003861003861,5.405405405405405,2.3166023166023164,3.088803088803089
3349743c129e,Bank of Russia Says Plans to Recover Losses From EU Banks in Russian Arbitration Court,Russia,sputnikglobe.com,253,5,10,2,5,2.0,0.4,1.0,3.4,0.5882352941176471,0.11764705882352941,0.29411764705882354,1.976284584980237,3.952569169960474,0.7905138339920948,1.976284584980237
3513b2a097a6,European Little Pigs  – Kremlin Rhetoric Escalates as EU Weighs Using Frozen Russian Assets,Ukraine,kyivpost.com,446,14,20,12,8,1.4285714285714286,0.8571428571428571,0.5714285714285714,2.857142857142857,0.5,0.3,0.2,3.1390134529147984,4.484304932735426,2.690582959641256,1.7937219730941705
384c3a42e5fa,Sudzha Gas Pumping Station Attack : European Provocation or Ukraine Resistance to Peace ?,Russia,sputnikglobe.com,226,8,14,13,6,1.75,1.625,0.75,4.125,0.42424242424242425,0.3939393939393939,0.18181818181818182,3.5398230088495577,6.1946902654867255,5.752212389380531,2.6548672566371683
38d12ed9e63e,Azov Gaining Power is  Symptom of Collapse  of Remains of Ukraine Civil Society,Russia,sputnikglobe.com,227,6,7,7,4,1.1666666666666667,1.1666666666666667,0.6666666666666666,3.0,0.3888888888888889,0.3888888888888889,0.2222222222222222,2.643171806167401,3.0837004405286343,3.0837004405286343,1.7621145374449338
3983e6bafb36,Ukraine Loses Over 175 Soldiers in Kursk Region in Past Day – Russian Defense Ministry,Russia,sputnikglobe.com,261,9,17,0,0,1.8888888888888888,0.0,0.0,1.8888888888888888,1.0,0.0,0.0,3.4482758620689653,6.513409961685824,0.0,0.0
3a42810a6da2,Ukraine Hits RSP - 6M2 Radar in Occupied Crimea,Ukraine,kyivpost.com,348,10,17,4,1,1.7,0.4,0.1,2.2,0.7727272727272727,0.18181818181818182,0.045454545454545456,2.8735632183908044,4.885057471264368,1.1494252873563218,0.28735632183908044
3ae64200d74e,Australian captured while fighting for Ukraine charged as mercenary,UNKNOWN,bbc.co.uk,343,14,22,5,1,1.5714285714285714,0.35714285714285715,0.07142857142857142,2.0,0.7857142857142857,0.17857142857142858,0.03571428571428571,4.081632653061225,6.41399416909621,1.4577259475218658,0.2915451895043732
3b8a1962ed41,"Russia Attacked Odesa Region With Nearly 100 UAVs Overnight , Injuries , Infrastructure Damage Reported",Ukraine,kyivpost.com,295,5,10,8,3,2.0,1.6,0.6,4.2,0.47619047619047616,0.38095238095238093,0.14285714285714285,1.694915254237288,3.389830508474576,2.711864406779661,1.0169491525423728
3d99be7e2a22,No Proof  of Mass Diversion of Ukraine Arms to Criminals,Ukraine,kyivpost.com,405,14,20,7,4,1.4285714285714286,0.5,0.2857142857142857,2.2142857142857144,0.6451612903225806,0.22580645161290322,0.12903225806451613,3.45679012345679,4.938271604938271,1.728395061728395,0.9876543209876543
4b4ea7d0bb45,"Putin Pitches  Real Peace , Sends Stark Warning Over NATO Boots in Ukraine",Russia,sputnikglobe.com,306,12,16,9,8,1.3333333333333333,0.75,0.6666666666666666,2.75,0.48484848484848486,0.2727272727272727,0.24242424242424243,3.9215686274509802,5.228758169934641,2.9411764705882355,2.6143790849673203
529b36c303c5,"Russia Drone Barrage Knocks Out Heat and Power for 45 , 000 in Kryvyi Rih",Ukraine,kyivpost.com,364,12,24,6,6,2.0,0.5,0.5,3.0,0.6666666666666666,0.16666666666666666,0.16666666666666666,3.2967032967032965,6.593406593406593,1.6483516483516483,1.6483516483516483
52c44f3f4a5a,Moscow airports temporarily closed after Ukraine drone attacks,UNKNOWN,bbc.co.uk,595,24,36,11,7,1.5,0.4583333333333333,0.2916666666666667,2.25,0.6666666666666666,0.2037037037037037,0.12962962962962962,4.033613445378151,6.050420168067227,1.8487394957983194,1.1764705882352942
52db12503dc7,Who Paying for the EU €90B Loan to Ukraine – and Who Isnt ?,Ukraine,kyivpost.com,615,20,30,19,15,1.5,0.95,0.75,3.2,0.46875,0.296875,0.234375,3.252032520325203,4.878048780487805,3.089430894308943,2.4390243902439024
53050fc5725e,Putin Aide Signals Possible Russian Troop Withdrawal From Donbas – National Guard to Remain,Ukraine,kyivpost.com,461,19,27,12,8,1.4210526315789473,0.631578947368421,0.42105263157894735,2.473684210526316,0.574468085106383,0.2553191489361702,0.1702127659574468,4.1214750542299345,5.856832971800434,2.6030368763557483,1.735357917570499
5381a3f639ab,Eastern Flank Countries Warn Russia Wants  Buffer Zone  from Arctic to Mediterranean,Ukraine,kyivpost.com,488,16,21,11,8,1.3125,0.6875,0.5,2.5,0.525,0.275,0.2,3.278688524590164,4.30327868852459,2.2540983606557377,1.639344262295082
542d6822735e,"Russia Defends Its National Interests , Not Subject To Influence Of European Sanctions – Kremlin",Russia,sputnikglobe.com,511,21,23,5,12,1.0952380952380953,0.23809523809523808,0.5714285714285714,1.9047619047619047,0.575,0.125,0.3,4.109589041095891,4.500978473581213,0.9784735812133072,2.3483365949119372
551dbe090562,"Ukraine Receives Over 1 , 000 Bodies of Soldiers From Russia",Ukraine,kyivpost.com,280,9,19,1,5,2.111111111111111,0.1111111111111111,0.5555555555555556,2.7777777777777777,0.76,0.04,0.2,3.2142857142857144,6.785714285714286,0.35714285714285715,1.7857142857142858
572483b320b8,"Russian Special Envoy Says Law , Common Sense Prevail After EU Decision on Russian Assets",Russia,sputnikglobe.com,355,9,15,6,5,1.6666666666666667,0.6666666666666666,0.5555555555555556,2.888888888888889,0.5769230769230769,0.23076923076923078,0.19230769230769232,2.535211267605634,4.225352112676056,1.6901408450704225,1.408450704225352
5866bd5c396e,"Russia  Non - Stop  Attack on Odesa Kills 8 , Injures 30 on Saturday , Minister Says",Ukraine,kyivpost.com,315,12,23,5,0,1.9166666666666667,0.4166666666666667,0.0,2.3333333333333335,0.8214285714285714,0.17857142857142858,0.0,3.8095238095238093,7.301587301587301,1.5873015873015872,0.0
5ad9c980e219,Drone Strike Sets One of Central Russia Biggest Refineries on Fire,Ukraine,kyivpost.com,456,16,31,9,7,1.9375,0.5625,0.4375,2.9375,0.6595744680851063,0.19148936170212766,0.14893617021276595,3.508771929824561,6.798245614035087,1.9736842105263157,1.5350877192982457
5e8e70c01daf,Renaming Pentagon Signals West  Peace Through Strength  Agenda Shift,Russia,sputnikglobe.com,390,17,23,18,12,1.3529411764705883,1.0588235294117647,0.7058823529411765,3.1176470588235294,0.4339622641509434,0.33962264150943394,0.22641509433962265,4.358974358974359,5.897435897435898,4.615384615384615,3.076923076923077
5ee384b60b0c,German Supply of Taurus Missiles to Ukraine May Trigger World War III,Russia,sputnikglobe.com,204,5,5,5,5,1.0,1.0,1.0,3.0,0.3333333333333333,0.3333333333333333,0.3333333333333333,2.450980392156863,2.450980392156863,2.450980392156863,2.450980392156863
611248631aec,UK MI6 New Head to Warn of  Aggressive  Russia Threat in First Speech,Ukraine,kyivpost.com,312,9,15,9,4,1.6666666666666667,1.0,0.4444444444444444,3.111111111111111,0.5357142857142857,0.32142857142857145,0.14285714285714285,2.8846153846153846,4.8076923076923075,2.8846153846153846,1.2820512820512822
611f0afc92f5,Long - Term Settlement in Ukraine Requires More Than Ceasefire,Russia,sputnikglobe.com,330,8,12,8,5,1.5,1.0,0.625,3.125,0.48,0.32,0.2,2.4242424242424243,3.6363636363636362,2.4242424242424243,1.5151515151515151
6365d96ae5d7,Russia Massive Strikes : Why Now ?,Russia,sputnikglobe.com,144,7,10,4,4,1.4285714285714286,0.5714285714285714,0.5714285714285714,2.5714285714285716,0.5555555555555556,0.2222222222222222,0.2222222222222222,4.861111111111111,6.944444444444445,2.7777777777777777,2.7777777777777777
65fc4317dd54,Rosenberg : Trump - Putin call seen as victory in Russia,UNKNOWN,bbc.co.uk,581,25,27,17,15,1.08,0.68,0.6,2.36,0.4576271186440678,0.288135593220339,0.2542372881355932,4.3029259896729775,4.647160068846816,2.9259896729776247,2.5817555938037864
662cb8c0160f,A Year of War  – Zelensky Says It Apparent the Kremlin Is Not Ready For Peace,Ukraine,kyivpost.com,492,15,22,9,10,1.4666666666666666,0.6,0.6666666666666666,2.7333333333333334,0.5365853658536586,0.21951219512195122,0.24390243902439024,3.048780487804878,4.471544715447155,1.829268292682927,2.032520325203252
66968a8e624a,UK sanctions Russian spies for  malicious cyber activity,UNKNOWN,bbc.co.uk,602,21,33,14,12,1.5714285714285714,0.6666666666666666,0.5714285714285714,2.8095238095238093,0.559322033898305,0.23728813559322035,0.2033898305084746,3.488372093023256,5.48172757475083,2.3255813953488373,1.9933554817275747
66ce1b876f32,Putting British or Any Other NATO  Peacekeeper in Ukraine Would Snatch War From the Jaws of Peace,Russia,sputnikglobe.com,238,3,10,5,3,3.3333333333333335,1.6666666666666667,1.0,6.0,0.5555555555555556,0.2777777777777778,0.16666666666666666,1.2605042016806722,4.201680672268908,2.100840336134454,1.2605042016806722
677845909595,Zelensky Faces a Choice Between Peace or Fighting for  Three More Year in Ukraine,Russia,sputnikglobe.com,450,16,25,12,13,1.5625,0.75,0.8125,3.125,0.5,0.24,0.26,3.5555555555555554,5.555555555555555,2.6666666666666665,2.888888888888889
69ae12b3565c,US - Ukraine agreement shows a deal is never dead with Trump,UNKNOWN,bbc.co.uk,480,18,22,13,7,1.2222222222222223,0.7222222222222222,0.3888888888888889,2.3333333333333335,0.5238095238095238,0.30952380952380953,0.16666666666666666,3.75,4.583333333333333,2.7083333333333335,1.4583333333333333
6d18676519cd,"Talks With US On Ukraine Postwar Economic Recovery  Productive , Zelensky Says",Ukraine,kyivpost.com,371,11,19,7,4,1.7272727272727273,0.6363636363636364,0.36363636363636365,2.727272727272727,0.6333333333333333,0.23333333333333334,0.13333333333333333,2.964959568733154,5.121293800539084,1.8867924528301887,1.0781671159029649
6d733f1b68ad,Rheinmetall War Profiteering in Ukraine May Culminate in Pinpoint Strikes on Its Factories,Russia,sputnikglobe.com,386,12,22,10,7,1.8333333333333333,0.8333333333333334,0.5833333333333334,3.25,0.5641025641025641,0.2564102564102564,0.1794871794871795,3.1088082901554404,5.699481865284974,2.5906735751295336,1.8134715025906736
6e10505b81f6,It Like a Slaughterhouse : Intercept Reveals Russian Mother Shocked by Frontline Video,Ukraine,kyivpost.com,469,15,26,9,4,1.7333333333333334,0.6,0.26666666666666666,2.6,0.6666666666666666,0.23076923076923078,0.10256410256410256,3.1982942430703623,5.543710021321962,1.9189765458422174,0.8528784648187633
6fa3b84cc285,"British father killed by drone while fighting in Ukraine , wife says",UNKNOWN,bbc.co.uk,475,17,25,10,3,1.4705882352941178,0.5882352941176471,0.17647058823529413,2.235294117647059,0.6578947368421053,0.2631578947368421,0.07894736842105263,3.5789473684210527,5.2631578947368425,2.1052631578947367,0.631578947368421
7024fc5931d8,"1 Dead , 4 Injured in  Terrorist  Attack on Kyiv – Prosecutor Office",Ukraine,kyivpost.com,300,11,20,5,1,1.8181818181818181,0.45454545454545453,0.09090909090909091,2.3636363636363638,0.7692307692307693,0.19230769230769232,0.038461538461538464,3.6666666666666665,6.666666666666667,1.6666666666666667,0.3333333333333333
751a6bcd323a,Putin - Trump Call : A Real Step Toward Peace ?,Russia,sputnikglobe.com,248,13,15,11,8,1.1538461538461537,0.8461538461538461,0.6153846153846154,2.6153846153846154,0.4411764705882353,0.3235294117647059,0.23529411764705882,5.241935483870968,6.048387096774194,4.435483870967742,3.225806451612903
75765b67a406,DOGE Fraud Probes May Explain  Urgency  of Trump - Putin Call on Ending Ukraine Crisis : Ex - DoD Analyst,Russia,sputnikglobe.com,373,10,17,9,4,1.7,0.9,0.4,3.0,0.5666666666666667,0.3,0.13333333333333333,2.680965147453083,4.557640750670242,2.4128686327077746,1.0723860589812333
7762f066280f,"Shmyhal Says Allies Pledged Record Sums For Defense Production , US Weapons in 2025",Ukraine,kyivpost.com,556,19,33,10,7,1.736842105263158,0.5263157894736842,0.3684210526315789,2.6315789473684212,0.66,0.2,0.14,3.41726618705036,5.9352517985611515,1.7985611510791366,1.2589928057553956
7b814d5707bb,Lavrov : Zelensky Legitimacy Will Make or Break Ukraine Peace Deal,Russia,sputnikglobe.com,428,9,14,11,5,1.5555555555555556,1.2222222222222223,0.5555555555555556,3.3333333333333335,0.4666666666666667,0.36666666666666664,0.16666666666666666,2.102803738317757,3.2710280373831777,2.5700934579439254,1.1682242990654206
7b8cec509cdf,"EU Split Deepens Over Plan to Redirect Russia Frozen Reserves to Defense , Ukraine",Russia,sputnikglobe.com,311,9,14,4,4,1.5555555555555556,0.4444444444444444,0.4444444444444444,2.4444444444444446,0.6363636363636364,0.18181818181818182,0.18181818181818182,2.8938906752411575,4.501607717041801,1.2861736334405145,1.2861736334405145
7bc58be1cd1b,Concert by Putin ally Valery Gergiev cancelled in Italy,UNKNOWN,bbc.co.uk,351,13,22,6,8,1.6923076923076923,0.46153846153846156,0.6153846153846154,2.769230769230769,0.6111111111111112,0.16666666666666666,0.2222222222222222,3.7037037037037037,6.267806267806268,1.7094017094017093,2.2792022792022792
7cfd5d83af95,"Complex Factors to Blame for Ukraine Conflict , Only US Can Talk to Both Sides",Russia,sputnikglobe.com,426,13,19,5,9,1.4615384615384615,0.38461538461538464,0.6923076923076923,2.5384615384615383,0.5757575757575758,0.15151515151515152,0.2727272727272727,3.051643192488263,4.460093896713615,1.1737089201877935,2.112676056338028
7db4846dc097,Trump condemns Zelensky remarks that war end is  far away,UNKNOWN,bbc.co.uk,593,23,30,15,11,1.3043478260869565,0.6521739130434783,0.4782608695652174,2.4347826086956523,0.5357142857142857,0.26785714285714285,0.19642857142857142,3.87858347386172,5.059021922428331,2.5295109612141653,1.854974704890388
7fd9a35eaa7e,Ukraine - US Investment Fund Finalizes Policies Ahead of 2026 Launch,Ukraine,kyivpost.com,489,17,26,6,7,1.5294117647058822,0.35294117647058826,0.4117647058823529,2.2941176470588234,0.6666666666666666,0.15384615384615385,0.1794871794871795,3.476482617586912,5.316973415132924,1.2269938650306749,1.4314928425357873
81facddf8c93,Russia Vows to Identify and Punish Those Responsible for Alyoshki Market Attack,Russia,sputnikglobe.com,296,8,12,6,4,1.5,0.75,0.5,2.75,0.5454545454545454,0.2727272727272727,0.18181818181818182,2.7027027027027026,4.054054054054054,2.027027027027027,1.3513513513513513
83036174fac7,Russian Oil Export Revenues Tank for Third Consecutive Month,Ukraine,kyivpost.com,294,10,16,4,1,1.6,0.4,0.1,2.1,0.7619047619047619,0.19047619047619047,0.047619047619047616,3.401360544217687,5.442176870748299,1.3605442176870748,0.3401360544217687
83e12060c695,Ukraine says North Korean troops back on front line,UNKNOWN,bbc.co.uk,511,19,27,8,2,1.4210526315789473,0.42105263157894735,0.10526315789473684,1.9473684210526316,0.7297297297297297,0.21621621621621623,0.05405405405405406,3.7181996086105675,5.283757338551859,1.5655577299412915,0.3913894324853229
870b6c6940b7,Mass Drone Barrage Shuts Down Moscow Airports for Seven Hours as Nearly 300 UAVs Shot Down Across Russia,Ukraine,kyivpost.com,427,15,28,8,4,1.8666666666666667,0.5333333333333333,0.26666666666666666,2.6666666666666665,0.7,0.2,0.1,3.51288056206089,6.557377049180328,1.873536299765808,0.936768149882904
888b6ca76e6c,"US Quietly Pressuring EU to Drop Frozen - Asset - Fund Bid for Ukraine , Official Says",Ukraine,kyivpost.com,393,13,18,9,2,1.3846153846153846,0.6923076923076923,0.15384615384615385,2.230769230769231,0.6206896551724138,0.3103448275862069,0.06896551724137931,3.3078880407124682,4.580152671755725,2.2900763358778624,0.5089058524173028
893a13c016e7,"Zelensky could still attend Trump - Putin meeting , but rest of Europe is shut out",UNKNOWN,bbc.co.uk,642,31,35,19,18,1.1290322580645162,0.6129032258064516,0.5806451612903226,2.3225806451612905,0.4861111111111111,0.2638888888888889,0.25,4.8286604361370715,5.451713395638629,2.959501557632399,2.803738317757009
8950b77c676e,Merz  Missile Intimidation Tactics Wont Work Because America Calls the Shots in Germany,Russia,sputnikglobe.com,323,6,14,5,6,2.3333333333333335,0.8333333333333334,1.0,4.166666666666667,0.56,0.2,0.24,1.8575851393188854,4.3343653250774,1.5479876160990713,1.8575851393188854
8958a3d24ede,UK Defense Ministry Names British Paratrooper Killed in Ukraine,Ukraine,kyivpost.com,291,11,17,2,3,1.5454545454545454,0.18181818181818182,0.2727272727272727,2.0,0.7727272727272727,0.09090909090909091,0.13636363636363635,3.7800687285223367,5.841924398625429,0.6872852233676976,1.0309278350515463
8ae3e860bf12,Orban Believes Ukraine Conflict Could End Soon,Russia,sputnikglobe.com,280,7,12,6,6,1.7142857142857142,0.8571428571428571,0.8571428571428571,3.4285714285714284,0.5,0.25,0.25,2.5,4.285714285714286,2.142857142857143,2.142857142857143
8d08f4a16027,American Intelligence Questions Russia Ability to Conquer Ukraine,Ukraine,kyivpost.com,424,14,24,8,6,1.7142857142857142,0.5714285714285714,0.42857142857142855,2.7142857142857144,0.631578947368421,0.21052631578947367,0.15789473684210525,3.30188679245283,5.660377358490566,1.8867924528301887,1.4150943396226414
8d4900ba6fb8,Five killed as Ukraine and Russia trade drone attacks,UNKNOWN,bbc.co.uk,429,16,24,7,5,1.5,0.4375,0.3125,2.25,0.6666666666666666,0.19444444444444445,0.1388888888888889,3.7296037296037294,5.594405594405594,1.6317016317016317,1.1655011655011656
91f496d4052b,Arbitrary Killing – UN Rights Chief Describes Dire Situation in Donbas and Beyond,Ukraine,kyivpost.com,439,12,24,7,5,2.0,0.5833333333333334,0.4166666666666667,3.0,0.6666666666666666,0.19444444444444445,0.1388888888888889,2.733485193621868,5.466970387243736,1.5945330296127562,1.1389521640091116
924e8a25be1a,Azerbaijan Running Shadowy Arms Pipeline to Ukraine,Russia,sputnikglobe.com,258,15,21,11,7,1.4,0.7333333333333333,0.4666666666666667,2.6,0.5384615384615384,0.28205128205128205,0.1794871794871795,5.813953488372093,8.13953488372093,4.263565891472868,2.7131782945736433
93ac8d25e3e7,Trump says Russia  have the card in peace negotiations,UNKNOWN,bbc.co.uk,459,18,27,15,12,1.5,0.8333333333333334,0.6666666666666666,3.0,0.5,0.2777777777777778,0.2222222222222222,3.9215686274509802,5.882352941176471,3.2679738562091503,2.6143790849673203
99b9f9b842e4,Kazakhstan BI Group Enters Kyiv Construction Market With Ukrainian Acquisition,Ukraine,kyivpost.com,479,15,27,8,3,1.8,0.5333333333333333,0.2,2.533333333333333,0.7105263157894737,0.21052631578947367,0.07894736842105263,3.1315240083507305,5.6367432150313155,1.6701461377870563,0.6263048016701461
9ac3328d7efd,Kellogg Blasts Times for Misrepresenting His Words on Ukraine  Partitioning,Russia,sputnikglobe.com,444,9,12,13,8,1.3333333333333333,1.4444444444444444,0.8888888888888888,3.6666666666666665,0.36363636363636365,0.3939393939393939,0.24242424242424243,2.027027027027027,2.7027027027027026,2.9279279279279278,1.8018018018018018
9d416bae6a38,Erdogan Warns Black Sea Should Not Be  Area of Confrontation  After Strikes,Ukraine,kyivpost.com,295,12,15,5,4,1.25,0.4166666666666667,0.3333333333333333,2.0,0.625,0.20833333333333334,0.16666666666666666,4.067796610169491,5.084745762711864,1.694915254237288,1.3559322033898304
9e6ae2572d62,US Imposes Sanctions on Russian Companies Lukoil and Rosneft Treasury,Russia,sputnikglobe.com,243,6,8,4,6,1.3333333333333333,0.6666666666666666,1.0,3.0,0.4444444444444444,0.2222222222222222,0.3333333333333333,2.4691358024691357,3.292181069958848,1.646090534979424,2.4691358024691357
9ed1dcc56ab5,Zelensky Announces New US Talks as Kyiv Finalizes Key Documents,Ukraine,kyivpost.com,508,16,22,10,5,1.375,0.625,0.3125,2.3125,0.5945945945945946,0.2702702702702703,0.13513513513513514,3.1496062992125986,4.330708661417323,1.968503937007874,0.984251968503937
a05f87b1b1ee,Macron Plans to Send French Troops to Ukraine Are Recipe for Disaster,Russia,sputnikglobe.com,264,7,12,6,7,1.7142857142857142,0.8571428571428571,1.0,3.5714285714285716,0.48,0.24,0.28,2.6515151515151514,4.545454545454546,2.272727272727273,2.6515151515151514
a200f3cbe75e,This Is Already a Compromise  – Zelensky Wont Alter Constitution to Rule Out NATO Membership,Ukraine,kyivpost.com,533,13,22,11,10,1.6923076923076923,0.8461538461538461,0.7692307692307693,3.3076923076923075,0.5116279069767442,0.2558139534883721,0.23255813953488372,2.4390243902439024,4.127579737335835,2.0637898686679175,1.876172607879925
a255789cd0bb,Ukraine Deploys New Mobile Surgery Units as Drone War Pushes Rear Lines Deeper,Ukraine,kyivpost.com,520,14,24,16,4,1.7142857142857142,1.1428571428571428,0.2857142857142857,3.142857142857143,0.5454545454545454,0.36363636363636365,0.09090909090909091,2.6923076923076925,4.615384615384615,3.076923076923077,0.7692307692307693
a6cd5197c911,Kremlin : Russia Willingness for Dialogue on Ukraine Remains Unchanged,Russia,sputnikglobe.com,364,15,17,9,7,1.1333333333333333,0.6,0.4666666666666667,2.2,0.5151515151515151,0.2727272727272727,0.21212121212121213,4.1208791208791204,4.670329670329671,2.4725274725274726,1.9230769230769231
a970cad6e090,NATO Threats to Be  More Aggressive  Betray Bloc  Belligerent  Nature,Russia,sputnikglobe.com,241,7,11,5,6,1.5714285714285714,0.7142857142857143,0.8571428571428571,3.142857142857143,0.5,0.22727272727272727,0.2727272727272727,2.904564315352697,4.564315352697095,2.074688796680498,2.4896265560165975
aa90602c85c3,US aid pause raises stakes for Starmer Ukraine strategy,UNKNOWN,bbc.co.uk,649,24,30,14,16,1.25,0.5833333333333334,0.6666666666666666,2.5,0.5,0.23333333333333334,0.26666666666666666,3.6979969183359014,4.622496147919877,2.157164869029276,2.4653312788906008
ab91a3ab3c8b,"Ukraine Hits Russian Warship in Caspian Sea , Opening New Drone Front",Ukraine,kyivpost.com,538,18,26,11,3,1.4444444444444444,0.6111111111111112,0.16666666666666666,2.2222222222222223,0.65,0.275,0.075,3.345724907063197,4.83271375464684,2.0446096654275094,0.5576208178438662
ac3a876ff925,The Clock Is Ticking  – united kingdom Warns Abramovich to Release £2 . 5B for Ukraine,Ukraine,kyivpost.com,416,11,18,8,7,1.6363636363636365,0.7272727272727273,0.6363636363636364,3.0,0.5454545454545454,0.24242424242424243,0.21212121212121213,2.644230769230769,4.326923076923077,1.9230769230769231,1.6826923076923077
ac466de0679d,A Crucial Moment in Our History  – Merz Calls for EU to Move On Reparations Loan Backed by Frozen Russian Assets,Ukraine,kyivpost.com,548,15,24,12,6,1.6,0.8,0.4,2.8,0.5714285714285714,0.2857142857142857,0.14285714285714285,2.7372262773722627,4.37956204379562,2.18978102189781,1.094890510948905
b30c87ccd03c,"Russian Strike Destroys Nova Poshta Innovation Terminal in Kharkiv , Kills 4 Workers",Ukraine,kyivpost.com,265,11,14,3,4,1.2727272727272727,0.2727272727272727,0.36363636363636365,1.9090909090909092,0.6666666666666666,0.14285714285714285,0.19047619047619047,4.150943396226415,5.283018867924528,1.1320754716981132,1.509433962264151
b4102c29d71a,UN - Led Ukraine : Which Countries Have Experienced International Rule ?,Russia,sputnikglobe.com,281,10,17,7,3,1.7,0.7,0.3,2.7,0.6296296296296297,0.25925925925925924,0.1111111111111111,3.5587188612099645,6.049822064056939,2.491103202846975,1.0676156583629892
b443dcd3088e,EU Official Admits Bloc Failing to Advance Peace in Ukraine,Russia,sputnikglobe.com,242,8,15,2,5,1.875,0.25,0.625,2.75,0.6818181818181818,0.09090909090909091,0.22727272727272727,3.3057851239669422,6.198347107438017,0.8264462809917356,2.0661157024793386
b654c39e88fd,"Two united kingdom diplomats expelled from Russia for spying , state media reports",UNKNOWN,bbc.co.uk,351,15,24,5,4,1.6,0.3333333333333333,0.26666666666666666,2.2,0.7272727272727273,0.15151515151515152,0.12121212121212122,4.273504273504273,6.837606837606837,1.4245014245014245,1.1396011396011396
b67f860590a2,Trump threatens India with  substantial  tariff hike for buying Russian oil,UNKNOWN,bbc.co.uk,620,23,36,12,9,1.565217391304348,0.5217391304347826,0.391304347826087,2.4782608695652173,0.631578947368421,0.21052631578947367,0.15789473684210525,3.7096774193548385,5.806451612903226,1.935483870967742,1.4516129032258065
b8cd38c4ed76,"Belgorod Hit by Missile , Drones Strike Near Moscow as Russia Reports Over 140 UAVs Downed",Ukraine,kyivpost.com,573,21,34,9,1,1.619047619047619,0.42857142857142855,0.047619047619047616,2.0952380952380953,0.7727272727272727,0.20454545454545456,0.022727272727272728,3.6649214659685865,5.93368237347295,1.5706806282722514,0.17452006980802792
bb625510e5b4,"Trump treatment of Zelensky  wrong , says Rishi Sunak",UNKNOWN,bbc.co.uk,630,25,35,11,12,1.4,0.44,0.48,2.32,0.603448275862069,0.1896551724137931,0.20689655172413793,3.9682539682539684,5.555555555555555,1.746031746031746,1.9047619047619047
c0b4599df4eb,Riyadh Meeting May Be  Beginning of the End of NATO : Ex - DoD Analyst Explains Why,Russia,sputnikglobe.com,221,7,14,6,4,2.0,0.8571428571428571,0.5714285714285714,3.4285714285714284,0.5833333333333334,0.25,0.16666666666666666,3.167420814479638,6.334841628959276,2.7149321266968327,1.8099547511312217
c1bc5a723016,"US Arms Ukraine , Europe Pays the Bill - A NATO Masterclass in Teamwork",Russia,sputnikglobe.com,274,7,10,6,6,1.4285714285714286,0.8571428571428571,0.8571428571428571,3.142857142857143,0.45454545454545453,0.2727272727272727,0.2727272727272727,2.5547445255474455,3.6496350364963503,2.18978102189781,2.18978102189781
c2308b82a320,Putin reaffirms friendship with North Korea ahead of Trump talks,UNKNOWN,bbc.co.uk,365,13,21,5,4,1.6153846153846154,0.38461538461538464,0.3076923076923077,2.3076923076923075,0.7,0.16666666666666666,0.13333333333333333,3.5616438356164384,5.7534246575342465,1.36986301369863,1.095890410958904
c23b8c04c203,Battle - Hardened Russian Bear is No  Paper Tiger : Here Why,Russia,sputnikglobe.com,353,11,16,8,2,1.4545454545454546,0.7272727272727273,0.18181818181818182,2.3636363636363638,0.6153846153846154,0.3076923076923077,0.07692307692307693,3.1161473087818696,4.53257790368272,2.26628895184136,0.56657223796034
cadb0daeed50,Putin Easter truce : Cause for scepticism or chance for peace ?,UNKNOWN,bbc.co.uk,587,20,30,12,9,1.5,0.6,0.45,2.55,0.5882352941176471,0.23529411764705882,0.17647058823529413,3.4071550255536627,5.1107325383304945,2.0442930153321974,1.5332197614991483
cee30e6438ed,"Ukraine Civilian Deaths in 2025 Highest Since 2022 , UN Says",Ukraine,kyivpost.com,321,8,19,4,2,2.375,0.5,0.25,3.125,0.76,0.16,0.08,2.4922118380062304,5.919003115264798,1.2461059190031152,0.6230529595015576
d16948c61cac,Bowen : Trump - Zelensky row signals major crisis looming for Nato,UNKNOWN,bbc.co.uk,329,15,20,10,9,1.3333333333333333,0.6666666666666666,0.6,2.6,0.5128205128205128,0.2564102564102564,0.23076923076923078,4.5592705167173255,6.079027355623101,3.0395136778115504,2.735562310030395
d27af2ef6081,Phantom Pain of Lost Empires : Starmer and Macron Risk Global Conflict Over Ukraine,Russia,sputnikglobe.com,188,6,12,5,3,2.0,0.8333333333333334,0.5,3.3333333333333335,0.6,0.25,0.15,3.1914893617021276,6.382978723404255,2.6595744680851063,1.5957446808510638
d28b6aa528c4,"Quantum Systems , Frontline Robotics Launch Joint Drone Production in Germany",Ukraine,kyivpost.com,538,17,27,12,6,1.588235294117647,0.7058823529411765,0.35294117647058826,2.6470588235294117,0.6,0.26666666666666666,0.13333333333333333,3.159851301115242,5.018587360594796,2.2304832713754648,1.1152416356877324
d309fbdf65ce,Ukraine : Zelensky demands sanctions after Russia strikes kill 33 in Kyiv,UNKNOWN,bbc.co.uk,360,16,17,8,7,1.0625,0.5,0.4375,2.0,0.53125,0.25,0.21875,4.444444444444445,4.722222222222222,2.2222222222222223,1.9444444444444444
d3b3434834e0,Finnish Politician Warns NATO Chief : Stop Arming Ukraine or Risk Nuclear War,Russia,sputnikglobe.com,231,8,12,5,6,1.5,0.625,0.75,2.875,0.5217391304347826,0.21739130434782608,0.2608695652173913,3.463203463203463,5.194805194805195,2.1645021645021645,2.5974025974025974
d49526238295,"Russia Must Shrink its Army for Any Peace to Hold , Says Top EU Diplomat",Ukraine,kyivpost.com,491,16,21,16,11,1.3125,1.0,0.6875,3.0,0.4375,0.3333333333333333,0.22916666666666666,3.258655804480652,4.276985743380855,3.258655804480652,2.240325865580448
d5f7a51045d7,Trump Says Zelensky Shouldnt Have Allowed Conflict to Happen But Wanted to Fight,Russia,sputnikglobe.com,374,16,20,8,11,1.25,0.5,0.6875,2.4375,0.5128205128205128,0.20512820512820512,0.28205128205128205,4.278074866310161,5.347593582887701,2.1390374331550803,2.9411764705882355
d61fe365ec0d,Putin & Trump Rewrite the Rules of Great Power Politics in Alaska,Russia,sputnikglobe.com,546,13,18,12,12,1.3846153846153846,0.9230769230769231,0.9230769230769231,3.230769230769231,0.42857142857142855,0.2857142857142857,0.2857142857142857,2.380952380952381,3.2967032967032965,2.197802197802198,2.197802197802198
d83fb93f3fa6,"Four dead in Russian strike on Kursk school , Ukraine says",UNKNOWN,bbc.co.uk,281,14,20,7,5,1.4285714285714286,0.5,0.35714285714285715,2.2857142857142856,0.625,0.21875,0.15625,4.98220640569395,7.117437722419929,2.491103202846975,1.7793594306049823
d9ddc954ebc7,Estonia Doubles Down on Massive Defense Outlays Amid Phantom  Russia Threat,Russia,sputnikglobe.com,238,10,17,8,4,1.7,0.8,0.4,2.9,0.5862068965517241,0.27586206896551724,0.13793103448275862,4.201680672268908,7.142857142857143,3.361344537815126,1.680672268907563
da58bf67d843,EU Leaders Fear Peace in Ukraine – French Army Veteran,Russia,sputnikglobe.com,311,7,8,10,6,1.1428571428571428,1.4285714285714286,0.8571428571428571,3.4285714285714284,0.3333333333333333,0.4166666666666667,0.25,2.2508038585209005,2.572347266881029,3.215434083601286,1.9292604501607717
dc374815cf13,Europe Lacks Military Power to Challenge Russia - Ex - US Intel Officer Ritter,Russia,sputnikglobe.com,217,6,9,5,3,1.5,0.8333333333333334,0.5,2.8333333333333335,0.5294117647058824,0.29411764705882354,0.17647058823529413,2.7649769585253456,4.147465437788019,2.304147465437788,1.3824884792626728
dcc251bc07be,"Ukraine Parliament Approves Shmyhal as Deputy PM , Energy Minister",Ukraine,kyivpost.com,266,10,20,3,5,2.0,0.3,0.5,2.8,0.7142857142857143,0.10714285714285714,0.17857142857142858,3.7593984962406015,7.518796992481203,1.1278195488721805,1.8796992481203008
e017ef0db3e8,"Putin - Trump Summit Corners Ukraine into Cutting Deal , Warns Off Europe From Meddling",Russia,sputnikglobe.com,470,20,21,18,11,1.05,0.9,0.55,2.5,0.42,0.36,0.22,4.25531914893617,4.468085106382978,3.8297872340425534,2.3404255319148937
e241cf238d80,Ukraine war : US to hold talks in Paris with Europeans,UNKNOWN,bbc.co.uk,544,23,28,9,3,1.2173913043478262,0.391304347826087,0.13043478260869565,1.7391304347826086,0.7,0.225,0.075,4.227941176470588,5.147058823529412,1.6544117647058822,0.5514705882352942
e6f095e75bbc,"Trump and Putin to hold call on ceasefire deal soon , US envoy says",UNKNOWN,bbc.co.uk,361,15,16,10,6,1.0666666666666667,0.6666666666666666,0.4,2.1333333333333333,0.5,0.3125,0.1875,4.1551246537396125,4.43213296398892,2.770083102493075,1.6620498614958448
e7f2b04c9931,"Russia - Ukraine Talks , Round 2 : Kiev  Memorandum  is Ultimatum Dressed as Diplomacy",Russia,sputnikglobe.com,435,11,14,13,8,1.2727272727272727,1.1818181818181819,0.7272727272727273,3.1818181818181817,0.4,0.37142857142857144,0.22857142857142856,2.528735632183908,3.218390804597701,2.9885057471264367,1.839080459770115
ea156fb40fc2,"Georgia Disputed Parliamentary Speaker Blames Ukraine for War , Draws Parallels with 2008 Russian Invasion",Ukraine,kyivpost.com,557,13,22,9,9,1.6923076923076923,0.6923076923076923,0.6923076923076923,3.076923076923077,0.55,0.225,0.225,2.3339317773788153,3.949730700179533,1.6157989228007181,1.6157989228007181
ea2aca055c4d,Russia Presses Poland to Free Archaeologist Wanted by Ukraine Over  Illegal  Excavations,Ukraine,kyivpost.com,440,16,34,7,9,2.125,0.4375,0.5625,3.125,0.68,0.14,0.18,3.6363636363636362,7.7272727272727275,1.5909090909090908,2.0454545454545454
ed1c2b102d83,If They Strike With Taurus - Russia Next Target Will Be German Military Facility,Russia,sputnikglobe.com,167,8,8,8,6,1.0,1.0,0.75,2.75,0.36363636363636365,0.36363636363636365,0.2727272727272727,4.790419161676646,4.790419161676646,4.790419161676646,3.592814371257485
ee5d1c53eeb4,Trump on Ukraine Conflict : Next Few Days Are Crucial for Swift Resolution,Russia,sputnikglobe.com,213,7,7,5,7,1.0,0.7142857142857143,1.0,2.7142857142857144,0.3684210526315789,0.2631578947368421,0.3684210526315789,3.2863849765258215,3.2863849765258215,2.347417840375587,3.2863849765258215
ef891ab564b2,"The long , slow road to a Russia - Ukraine ceasefire",UNKNOWN,bbc.co.uk,489,22,25,10,11,1.1363636363636365,0.45454545454545453,0.5,2.090909090909091,0.5434782608695652,0.21739130434782608,0.2391304347826087,4.4989775051124745,5.112474437627812,2.044989775051125,2.2494887525562373
f1bd03b5c2b8,Putin & Trump Find Common Ground as West War Party Shut Out,Russia,sputnikglobe.com,351,13,15,11,7,1.1538461538461537,0.8461538461538461,0.5384615384615384,2.5384615384615383,0.45454545454545453,0.3333333333333333,0.21212121212121213,3.7037037037037037,4.273504273504273,3.133903133903134,1.9943019943019944
f398fa612849,"Russia agents killed after intelligence officer shot dead , says Ukraine",UNKNOWN,bbc.co.uk,413,17,27,4,3,1.588235294117647,0.23529411764705882,0.17647058823529413,2.0,0.7941176470588235,0.11764705882352941,0.08823529411764706,4.116222760290557,6.5375302663438255,0.9685230024213075,0.7263922518159807
f6a8904ab576,Musk and Rubio spar with Polish minister over Ukraine use of Starlink,UNKNOWN,bbc.co.uk,513,25,30,13,12,1.2,0.52,0.48,2.2,0.5454545454545454,0.23636363636363636,0.21818181818181817,4.8732943469785575,5.847953216374269,2.53411306042885,2.3391812865497075
f9946df3e78d,US Shares Proposals With Europe to Restore Economic Ties With Russia,Russia,sputnikglobe.com,344,10,16,6,2,1.6,0.6,0.2,2.4,0.6666666666666666,0.25,0.08333333333333333,2.9069767441860463,4.651162790697675,1.744186046511628,0.5813953488372093
fa40251cf2fa,Ukraine Battles an Attempted Russian Breakthrough in Border Region,Ukraine,kyivpost.com,289,12,18,4,4,1.5,0.3333333333333333,0.3333333333333333,2.1666666666666665,0.6923076923076923,0.15384615384615385,0.15384615384615385,4.1522491349480966,6.228373702422146,1.3840830449826989,1.3840830449826989
ff19a2f804c0,UK Targets Putin War Machine With Fresh Sanctions,Ukraine,kyivpost.com,322,12,22,2,4,1.8333333333333333,0.16666666666666666,0.3333333333333333,2.3333333333333335,0.7857142857142857,0.07142857142857142,0.14285714285714285,3.7267080745341614,6.832298136645963,0.6211180124223602,1.2422360248447204
